home_team,away_team,id,stage,home_team_api_id,away_team_api_id,home_team_goal,away_team_goal
MUN,NEW,1729,1,10260,10261,1,1
ARS,WBA,1730,1,9825,8659,1,0
SUN,LIV,1731,1,8472,8650,0,1
WHU,WIG,1732,1,8654,8528,2,1
AVL,MCI,1733,1,10252,8456,4,2
EVE,BLB,1734,1,8668,8655,2,3
MID,TOT,1735,1,8549,8586,2,1
BOL,STK,1736,1,8559,10194,3,1
HUL,FUL,1737,1,8667,9879,2,1
CHE,POR,1738,1,8455,8462,4,0
MUN,WHU,1739,10,10260,8654,2,0
ARS,TOT,1740,10,9825,8586,4,4
MID,MCI,1741,10,8549,8456,2,0
BOL,EVE,1742,10,8559,8668,0,1
HUL,CHE,1743,10,8667,8455,0,3
STK,SUN,1744,10,10194,8472,1,0
LIV,POR,1745,10,8650,8462,1,0
AVL,BLB,1746,10,10252,8655,3,2
NEW,WBA,1747,10,10261,8659,2,1
FUL,WIG,1748,10,9879,8528,2,0
MUN,HUL,1749,11,10260,8667,4,3
TOT,LIV,1750,11,8586,8650,2,1
EVE,FUL,1751,11,8668,9879,1,0
MID,WHU,1752,11,8549,8654,1,1
NEW,AVL,1753,11,10261,10252,2,0
BOL,MCI,1754,11,8559,8456,2,0
WBA,BLB,1755,11,8659,8655,2,2
POR,WIG,1756,11,8462,8528,1,2
STK,ARS,1757,11,10194,9825,2,1
CHE,SUN,1758,11,8455,8472,5,0
ARS,MUN,1759,12,9825,10260,2,1
LIV,WBA,1760,12,8650,8659,3,0
SUN,POR,1761,12,8472,8462,1,2
WHU,EVE,1762,12,8654,8668,1,3
AVL,MID,1763,12,10252,8549,1,2
MCI,TOT,1764,12,8456,8586,1,2
BLB,CHE,1765,12,8655,8455,0,2
FUL,NEW,1766,12,9879,10261,2,1
HUL,BOL,1767,12,8667,8559,0,1
WIG,STK,1768,12,8528,10194,0,0
MUN,STK,1769,13,10260,10194,5,0
ARS,AVL,1770,13,9825,10252,0,2
WHU,POR,1771,13,8654,8462,0,0
EVE,MID,1772,13,8668,8549,1,1
NEW,WIG,1773,13,10261,8528,2,2
BLB,SUN,1774,13,8655,8472,1,2
FUL,TOT,1775,13,9879,8586,2,1
BOL,LIV,1776,13,8559,8650,0,2
WBA,CHE,1777,13,8659,8455,0,3
HUL,MCI,1778,13,8667,8456,2,2
LIV,FUL,1779,14,8650,9879,0,0
SUN,WHU,1780,14,8472,8654,0,1
TOT,BLB,1781,14,8586,8655,1,0
AVL,MUN,1782,14,10252,10260,0,0
MID,BOL,1783,14,8549,8559,1,3
MCI,ARS,1784,14,8456,9825,3,0
POR,HUL,1785,14,8462,8667,2,2
STK,WBA,1786,14,10194,8659,1,0
WIG,EVE,1787,14,8528,8668,1,0
CHE,NEW,1788,14,8455,10261,0,0
LIV,WHU,1789,15,8650,8654,0,0
SUN,BOL,1790,15,8472,8559,1,4
TOT,EVE,1791,15,8586,8668,0,1
AVL,FUL,1792,15,10252,9879,0,0
MID,NEW,1793,15,8549,10261,0,0
MCI,MUN,1794,15,8456,10260,0,1
POR,BLB,1795,15,8462,8655,3,2
STK,HUL,1796,15,10194,8667,1,1
WIG,WBA,1797,15,8528,8659,2,1
CHE,ARS,1798,15,8455,9825,1,2
MUN,SUN,1799,16,10260,8472,1,0
ARS,WIG,1800,16,9825,8528,1,0
WHU,TOT,1801,16,8654,8586,0,2
EVE,AVL,1802,16,8668,10252,2,3
NEW,STK,1803,16,10261,10194,2,2
BLB,LIV,1804,16,8655,8650,1,3
FUL,MCI,1805,16,9879,8456,1,1
BOL,CHE,1806,16,8559,8455,0,2
WBA,POR,1807,16,8659,8462,1,1
HUL,MID,1808,16,8667,8549,2,1
LIV,HUL,1809,17,8650,8667,2,2
SUN,WBA,1810,17,8472,8659,4,0
TOT,MUN,1811,17,8586,10260,0,0
AVL,BOL,1812,17,10252,8559,4,2
MID,ARS,1813,17,8549,9825,1,1
MCI,EVE,1814,17,8456,8668,0,1
POR,NEW,1815,17,8462,10261,0,3
STK,FUL,1816,17,10194,9879,0,0
WIG,BLB,1817,17,8528,8655,3,0
CHE,WHU,1818,17,8455,8654,1,1
MUN,WIG,1819,18,10260,8528,1,0
ARS,LIV,1820,18,9825,8650,1,1
WHU,AVL,1821,18,8654,10252,0,1
EVE,CHE,1822,18,8668,8455,0,0
NEW,TOT,1823,18,10261,8586,2,1
BLB,STK,1824,18,8655,10194,3,0
FUL,MID,1825,18,9879,8549,3,0
BOL,POR,1826,18,8559,8462,2,1
WBA,MCI,1827,18,8659,8456,2,1
HUL,SUN,1828,18,8667,8472,1,4
LIV,BOL,1829,19,8650,8559,3,0
SUN,BLB,1830,19,8472,8655,0,0
TOT,FUL,1831,19,8586,9879,0,0
AVL,ARS,1832,19,10252,9825,2,2
MID,EVE,1833,19,8549,8668,0,1
MCI,HUL,1834,19,8456,8667,5,1
POR,WHU,1835,19,8462,8654,1,4
STK,MUN,1836,19,10194,10260,0,1
WIG,NEW,1837,19,8528,10261,2,1
CHE,WBA,1838,19,8455,8659,2,0
LIV,MID,1839,2,8650,8549,2,1
TOT,SUN,1840,2,8586,8472,1,2
NEW,BOL,1841,2,10261,8559,1,0
MCI,WHU,1842,2,8456,8654,3,0
BLB,HUL,1843,2,8655,8667,1,1
FUL,ARS,1844,2,9879,9825,1,0
WBA,EVE,1845,2,8659,8668,1,2
POR,MUN,1846,2,8462,10260,0,1
STK,AVL,1847,2,10194,10252,3,2
WIG,CHE,1848,2,8528,8455,0,1
MUN,MID,1849,20,10260,8549,1,0
ARS,POR,1850,20,9825,8462,1,0
WHU,STK,1851,20,8654,10194,2,1
EVE,SUN,1852,20,8668,8472,3,0
NEW,LIV,1853,20,10261,8650,1,5
BLB,MCI,1854,20,8655,8456,2,2
FUL,CHE,1855,20,9879,8455,2,2
BOL,WIG,1856,20,8559,8528,0,1
WBA,TOT,1857,20,8659,8586,2,0
HUL,AVL,1858,20,8667,10252,0,1
MUN,CHE,1859,21,10260,8455,3,0
ARS,BOL,1860,21,9825,8559,1,0
AVL,WBA,1861,21,10252,8659,2,1
EVE,HUL,1862,21,8668,8667,2,0
MID,SUN,1863,21,8549,8472,1,1
NEW,WHU,1864,21,10261,8654,2,2
FUL,BLB,1865,21,9879,8655,1,2
POR,MCI,1866,21,8462,8456,2,0
STK,LIV,1867,21,10194,8650,0,0
WIG,TOT,1868,21,8528,8586,1,0
LIV,EVE,1869,22,8650,8668,1,1
SUN,AVL,1870,22,8472,10252,1,2
TOT,POR,1871,22,8586,8462,1,1
WHU,FUL,1872,22,8654,9879,3,1
MCI,WIG,1873,22,8456,8528,1,0
BLB,NEW,1874,22,8655,10261,3,0
BOL,MUN,1875,22,8559,10260,0,1
WBA,MID,1876,22,8659,8549,3,0
HUL,ARS,1877,22,8667,9825,1,3
CHE,STK,1878,22,8455,10194,2,1
SUN,FUL,1879,23,8472,9879,1,0
TOT,STK,1880,23,8586,10194,3,1
WHU,HUL,1881,23,8654,8667,2,0
WBA,MUN,1882,23,8659,10260,0,5
POR,AVL,1883,23,8462,10252,0,1
WIG,LIV,1884,23,8528,8650,1,1
EVE,ARS,1885,23,8668,9825,1,1
MCI,NEW,1886,23,8456,10261,2,1
BLB,BOL,1887,23,8655,8559,2,2
CHE,MID,1888,23,8455,8549,2,0
MUN,EVE,1889,24,10260,8668,1,0
ARS,WHU,1890,24,9825,8654,0,0
LIV,CHE,1891,24,8650,8455,2,0
AVL,WIG,1892,24,10252,8528,0,0
MID,BLB,1893,24,8549,8655,0,0
NEW,SUN,1894,24,10261,8472,1,1
FUL,POR,1895,24,9879,8462,3,1
BOL,TOT,1896,24,8559,8586,3,2
HUL,WBA,1897,24,8667,8659,2,2
STK,MCI,1898,24,10194,8456,1,0
SUN,STK,1899,25,8472,10194,2,0
TOT,ARS,1900,25,8586,9825,0,0
WHU,MUN,1901,25,8654,10260,0,1
EVE,BOL,1902,25,8668,8559,3,0
MCI,MID,1903,25,8456,8549,1,0
BLB,AVL,1904,25,8655,10252,0,2
WBA,NEW,1905,25,8659,10261,2,3
POR,LIV,1906,25,8462,8650,2,3
WIG,FUL,1907,25,8528,9879,0,0
CHE,HUL,1908,25,8455,8667,0,0
MUN,BLB,1909,26,10260,8655,2,1
ARS,SUN,1910,26,9825,8472,0,0
LIV,MCI,1911,26,8650,8456,1,1
AVL,CHE,1912,26,10252,8455,0,1
MID,WIG,1913,26,8549,8528,0,0
NEW,EVE,1914,26,10261,8668,0,0
FUL,WBA,1915,26,9879,8659,2,0
BOL,WHU,1916,26,8559,8654,2,1
HUL,TOT,1917,26,8667,8586,1,2
STK,POR,1918,26,10194,8462,2,2
MUN,POR,1919,27,10260,8462,2,0
ARS,FUL,1920,27,9825,9879,0,0
SUN,TOT,1921,27,8472,8586,1,1
WHU,MCI,1922,27,8654,8456,1,0
AVL,STK,1923,27,10252,10194,2,2
EVE,WBA,1924,27,8668,8659,2,0
MID,LIV,1925,27,8549,8650,2,0
BOL,NEW,1926,27,8559,10261,1,0
HUL,BLB,1927,27,8667,8655,1,2
CHE,WIG,1928,27,8455,8528,2,1
TOT,MID,1929,28,8586,8549,4,0
WBA,ARS,1930,28,8659,9825,1,3
POR,CHE,1931,28,8462,8455,0,1
STK,BOL,1932,28,10194,8559,2,0
WIG,WHU,1933,28,8528,8654,0,1
LIV,SUN,1934,28,8650,8472,2,0
NEW,MUN,1935,28,10261,10260,1,2
MCI,AVL,1936,28,8456,10252,2,0
BLB,EVE,1937,28,8655,8668,0,0
FUL,HUL,1938,28,9879,8667,0,1
MUN,LIV,1939,29,10260,8650,1,4
ARS,BLB,1940,29,9825,8655,4,0
SUN,WIG,1941,29,8472,8528,1,2
WHU,WBA,1942,29,8654,8659,0,0
AVL,TOT,1943,29,10252,8586,1,2
EVE,STK,1944,29,8668,10194,3,1
MID,POR,1945,29,8549,8462,1,1
BOL,FUL,1946,29,8559,9879,1,3
HUL,NEW,1947,29,8667,10261,1,1
CHE,MCI,1948,29,8455,8456,1,0
MUN,FUL,1949,3,10260,9879,3,0
ARS,NEW,1950,3,9825,10261,3,0
SUN,MCI,1951,3,8472,8456,0,3
WHU,BLB,1952,3,8654,8655,4,1
AVL,LIV,1953,3,10252,8650,0,0
EVE,POR,1954,3,8668,8462,0,3
MID,STK,1955,3,8549,10194,2,1
BOL,WBA,1956,3,8559,8659,0,0
HUL,WIG,1957,3,8667,8528,0,5
CHE,TOT,1958,3,8455,8586,1,1
LIV,AVL,1959,30,8650,10252,5,0
TOT,CHE,1960,30,8586,8455,1,0
NEW,ARS,1961,30,10261,9825,1,3
MCI,SUN,1962,30,8456,8472,1,0
BLB,WHU,1963,30,8655,8654,1,1
FUL,MUN,1964,30,9879,10260,2,0
WBA,BOL,1965,30,8659,8559,1,1
POR,EVE,1966,30,8462,8668,2,1
STK,MID,1967,30,10194,8549,1,0
WIG,HUL,1968,30,8528,8667,1,0
MUN,AVL,1969,31,10260,10252,3,2
ARS,MCI,1970,31,9825,8456,2,0
WHU,SUN,1971,31,8654,8472,2,0
EVE,WIG,1972,31,8668,8528,4,0
NEW,CHE,1973,31,10261,8455,0,2
BLB,TOT,1974,31,8655,8586,2,1
FUL,LIV,1975,31,9879,8650,0,1
BOL,MID,1976,31,8559,8549,4,1
WBA,STK,1977,31,8659,10194,0,2
HUL,POR,1978,31,8667,8462,0,0
LIV,BLB,1979,32,8650,8655,4,0
SUN,MUN,1980,32,8472,10260,1,2
TOT,WHU,1981,32,8586,8654,1,0
AVL,EVE,1982,32,10252,8668,3,3
MID,HUL,1983,32,8549,8667,3,1
MCI,FUL,1984,32,8456,9879,1,3
POR,WBA,1985,32,8462,8659,2,2
STK,NEW,1986,32,10194,10261,1,1
WIG,ARS,1987,32,8528,9825,1,4
CHE,BOL,1988,32,8455,8559,4,3
LIV,ARS,1989,33,8650,9825,4,4
SUN,HUL,1990,33,8472,8667,1,0
TOT,NEW,1991,33,8586,10261,1,0
AVL,WHU,1992,33,10252,8654,1,1
MID,FUL,1993,33,8549,9879,0,0
MCI,WBA,1994,33,8456,8659,4,2
POR,BOL,1995,33,8462,8559,1,0
STK,BLB,1996,33,10194,8655,1,0
WIG,MUN,1997,33,8528,10260,1,2
CHE,EVE,1998,33,8455,8668,0,0
MUN,TOT,1999,34,10260,8586,5,2
ARS,MID,2000,34,9825,8549,2,0
WHU,CHE,2001,34,8654,8455,0,1
EVE,MCI,2002,34,8668,8456,1,2
NEW,POR,2003,34,10261,8462,0,0
BLB,WIG,2004,34,8655,8528,2,0
FUL,STK,2005,34,9879,10194,1,0
BOL,AVL,2006,34,8559,10252,1,1
WBA,SUN,2007,34,8659,8472,3,0
HUL,LIV,2008,34,8667,8650,1,3
LIV,NEW,2009,35,8650,10261,3,0
SUN,EVE,2010,35,8472,8668,0,2
TOT,WBA,2011,35,8586,8659,1,0
AVL,HUL,2012,35,10252,8667,1,0
MID,MUN,2013,35,8549,10260,0,2
MCI,BLB,2014,35,8456,8655,3,1
POR,ARS,2015,35,8462,9825,0,3
STK,WHU,2016,35,10194,8654,0,1
WIG,BOL,2017,35,8528,8559,0,0
CHE,FUL,2018,35,8455,9879,3,1
MUN,MCI,2019,36,10260,8456,2,0
ARS,CHE,2020,36,9825,8455,1,4
WHU,LIV,2021,36,8654,8650,0,3
EVE,TOT,2022,36,8668,8586,0,0
NEW,MID,2023,36,10261,8549,3,1
BLB,POR,2024,36,8655,8462,2,0
FUL,AVL,2025,36,9879,10252,3,1
BOL,SUN,2026,36,8559,8472,0,0
WBA,WIG,2027,36,8659,8528,3,1
HUL,STK,2028,36,8667,10194,1,2
MUN,ARS,2029,37,10260,9825,0,0
TOT,MCI,2030,37,8586,8456,2,1
EVE,WHU,2031,37,8668,8654,3,1
MID,AVL,2032,37,8549,10252,1,1
NEW,FUL,2033,37,10261,9879,0,1
BOL,HUL,2034,37,8559,8667,1,1
WBA,LIV,2035,37,8659,8650,0,2
POR,SUN,2036,37,8462,8472,3,1
STK,WIG,2037,37,10194,8528,2,0
CHE,BLB,2038,37,8455,8655,2,0
ARS,STK,2039,38,9825,10194,4,1
LIV,TOT,2040,38,8650,8586,3,1
SUN,CHE,2041,38,8472,8455,2,3
WHU,MID,2042,38,8654,8549,2,1
AVL,NEW,2043,38,10252,10261,1,0
MCI,BOL,2044,38,8456,8559,1,0
BLB,WBA,2045,38,8655,8659,0,0
FUL,EVE,2046,38,9879,8668,0,2
HUL,MUN,2047,38,8667,10260,0,1
WIG,POR,2048,38,8528,8462,1,0
LIV,MUN,2049,4,8650,10260,2,1
TOT,AVL,2050,4,8586,10252,1,2
NEW,HUL,2051,4,10261,8667,1,2
MCI,CHE,2052,4,8456,8455,1,3
BLB,ARS,2053,4,8655,9825,0,4
FUL,BOL,2054,4,9879,8559,2,1
WBA,WHU,2055,4,8659,8654,3,2
POR,MID,2056,4,8462,8549,2,1
STK,EVE,2057,4,10194,8668,2,3
WIG,SUN,2058,4,8528,8472,1,1
LIV,STK,2059,5,8650,10194,0,0
SUN,MID,2060,5,8472,8549,2,0
TOT,WIG,2061,5,8586,8528,0,0
WHU,NEW,2062,5,8654,10261,3,1
MCI,POR,2063,5,8456,8462,6,0
BLB,FUL,2064,5,8655,9879,1,0
BOL,ARS,2065,5,8559,9825,1,3
WBA,AVL,2066,5,8659,10252,1,2
HUL,EVE,2067,5,8667,8668,2,2
CHE,MUN,2068,5,8455,10260,1,1
MUN,BOL,2069,6,10260,8559,2,0
ARS,HUL,2070,6,9825,8667,1,2
AVL,SUN,2071,6,10252,8472,2,1
EVE,LIV,2072,6,8668,8650,0,2
MID,WBA,2073,6,8549,8659,0,1
NEW,BLB,2074,6,10261,8655,1,2
FUL,WHU,2075,6,9879,8654,1,2
POR,TOT,2076,6,8462,8586,2,0
STK,CHE,2077,6,10194,8455,0,2
WIG,MCI,2078,6,8528,8456,2,1
SUN,ARS,2079,7,8472,9825,1,1
TOT,HUL,2080,7,8586,8667,0,1
WHU,BOL,2081,7,8654,8559,1,3
EVE,NEW,2082,7,8668,10261,2,2
MCI,LIV,2083,7,8456,8650,2,3
BLB,MUN,2084,7,8655,10260,0,2
WBA,FUL,2085,7,8659,9879,1,0
POR,STK,2086,7,8462,10194,2,1
WIG,MID,2087,7,8528,8549,0,1
CHE,AVL,2088,7,8455,10252,2,0
MUN,WBA,2089,8,10260,8659,4,0
ARS,EVE,2090,8,9825,8668,3,1
LIV,WIG,2091,8,8650,8528,3,2
AVL,POR,2092,8,10252,8462,0,0
MID,CHE,2093,8,8549,8455,0,5
NEW,MCI,2094,8,10261,8456,2,2
FUL,SUN,2095,8,9879,8472,0,0
BOL,BLB,2096,8,8559,8655,0,0
HUL,WHU,2097,8,8667,8654,1,0
STK,TOT,2098,8,10194,8586,2,1
SUN,NEW,2099,9,8472,10261,2,1
TOT,BOL,2100,9,8586,8559,2,0
WHU,ARS,2101,9,8654,9825,0,2
EVE,MUN,2102,9,8668,10260,1,1
MCI,STK,2103,9,8456,10194,3,0
BLB,MID,2104,9,8655,8549,1,1
WBA,HUL,2105,9,8659,8667,0,3
POR,FUL,2106,9,8462,9879,1,1
WIG,AVL,2107,9,8528,10252,0,4
CHE,LIV,2108,9,8455,8650,0,1
MUN,BIR,2109,1,10260,8658,1,0
TOT,LIV,2110,1,8586,8650,2,1
AVL,WIG,2111,1,10252,8528,0,2
EVE,ARS,2112,1,8668,9825,1,6
WOL,WHU,2113,1,8602,8654,0,2
BLB,MCI,2114,1,8655,8456,0,2
BOL,SUN,2115,1,8559,8472,0,1
POR,FUL,2116,1,8462,9879,0,1
STK,BUR,2117,1,10194,8191,2,0
CHE,HUL,2118,1,8455,8667,2,1
BUR,WIG,2119,10,8191,8528,1,3
CHE,BLB,2120,10,8455,8655,5,0
BOL,EVE,2121,10,8559,8668,3,2
BIR,SUN,2122,10,8658,8472,2,1
TOT,STK,2123,10,8586,10194,0,1
WHU,ARS,2124,10,8654,9825,2,2
WOL,AVL,2125,10,8602,10252,1,1
HUL,POR,2126,10,8667,8462,0,0
LIV,MUN,2127,10,8650,10260,2,0
MCI,FUL,2128,10,8456,9879,2,2
POR,WIG,2129,11,8462,8528,4,0
MUN,BLB,2130,11,10260,8655,2,0
FUL,LIV,2131,11,9879,8650,3,1
EVE,AVL,2132,11,8668,10252,1,1
BUR,HUL,2133,11,8191,8667,2,0
BOL,CHE,2134,11,8559,8455,0,4
BIR,MCI,2135,11,8658,8456,0,0
ARS,TOT,2136,11,9825,8586,3,0
STK,WOL,2137,11,10194,8602,2,2
SUN,WHU,2138,11,8472,8654,2,2
WIG,FUL,2139,12,8528,9879,1,1
HUL,STK,2140,12,8667,10194,2,1
WOL,ARS,2141,12,8602,9825,1,4
WHU,EVE,2142,12,8654,8668,1,2
TOT,SUN,2143,12,8586,8472,2,0
MCI,BUR,2144,12,8456,8191,3,3
LIV,BIR,2145,12,8650,8658,2,2
AVL,BOL,2146,12,10252,8559,5,1
BLB,POR,2147,12,8655,8462,3,1
CHE,MUN,2148,12,8455,10260,1,0
BIR,FUL,2149,13,8658,9879,1,0
SUN,ARS,2150,13,8472,9825,1,0
STK,POR,2151,13,10194,8462,1,0
BUR,AVL,2152,13,8191,10252,1,1
CHE,WOL,2153,13,8455,8602,4,0
HUL,WHU,2154,13,8667,8654,3,3
LIV,MCI,2155,13,8650,8456,2,2
MUN,EVE,2156,13,10260,8668,3,0
TOT,WIG,2157,13,8586,8528,9,1
BOL,BLB,2158,13,8559,8655,0,2
POR,MUN,2159,14,8462,10260,1,4
WHU,BUR,2160,14,8654,8191,5,3
WOL,BIR,2161,14,8602,8658,0,1
MCI,HUL,2162,14,8456,8667,1,1
FUL,BOL,2163,14,9879,8559,1,1
EVE,LIV,2164,14,8668,8650,0,2
BLB,STK,2165,14,8655,10194,0,0
AVL,TOT,2166,14,10252,8586,1,1
ARS,CHE,2167,14,9825,8455,0,3
WIG,SUN,2168,14,8528,8472,1,0
POR,BUR,2169,15,8462,8191,2,0
WHU,MUN,2170,15,8654,10260,0,4
WIG,BIR,2171,15,8528,8658,2,3
WOL,BOL,2172,15,8602,8559,2,1
MCI,CHE,2173,15,8456,8455,2,1
FUL,SUN,2174,15,9879,8472,1,0
EVE,TOT,2175,15,8668,8586,2,2
BLB,LIV,2176,15,8655,8650,0,0
AVL,HUL,2177,15,10252,8667,3,0
ARS,STK,2178,15,9825,10194,2,0
MUN,AVL,2179,16,10260,10252,0,1
STK,WIG,2180,16,10194,8528,2,2
SUN,POR,2181,16,8472,8462,1,1
TOT,WOL,2182,16,8586,8602,0,1
LIV,ARS,2183,16,8650,9825,1,2
HUL,BLB,2184,16,8667,8655,0,0
CHE,EVE,2185,16,8455,8668,3,3
BUR,FUL,2186,16,8191,9879,1,1
BOL,MCI,2187,16,8559,8456,3,3
BIR,WHU,2188,16,8658,8654,1,0
TOT,MCI,2189,17,8586,8456,3,0
SUN,AVL,2190,17,8472,10252,0,2
STK,FUL,2191,17,10194,9879,3,2
MUN,WOL,2192,17,10260,8602,3,0
HUL,EVE,2193,17,8667,8668,3,2
BUR,ARS,2194,17,8191,9825,1,1
BOL,WHU,2195,17,8559,8654,3,1
BIR,BLB,2196,17,8658,8655,2,1
LIV,WIG,2197,17,8650,8528,2,1
CHE,POR,2198,17,8455,8462,2,1
ARS,HUL,2199,18,9825,8667,3,0
WOL,BUR,2200,18,8602,8191,2,0
WIG,BOL,2201,18,8528,8559,0,0
WHU,CHE,2202,18,8654,8455,1,1
POR,LIV,2203,18,8462,8650,2,0
MCI,SUN,2204,18,8456,8472,4,3
FUL,MUN,2205,18,9879,10260,3,0
EVE,BIR,2206,18,8668,8658,1,1
BLB,TOT,2207,18,8655,8586,0,2
AVL,STK,2208,18,10252,10194,1,0
WIG,BLB,2209,19,8528,8655,1,1
WHU,POR,2210,19,8654,8462,2,0
SUN,EVE,2211,19,8472,8668,1,1
MCI,STK,2212,19,8456,10194,2,0
LIV,WOL,2213,19,8650,8602,2,0
HUL,MUN,2214,19,8667,10260,1,3
FUL,TOT,2215,19,9879,8586,0,0
BUR,BOL,2216,19,8191,8559,1,1
BIR,CHE,2217,19,8658,8455,0,0
ARS,AVL,2218,19,9825,10252,3,0
ARS,BOL,2219,2,9825,8559,4,2
SUN,CHE,2220,2,8472,8455,1,3
WHU,AVL,2221,2,8654,10252,2,1
FUL,BLB,2222,2,9879,8655,3,0
BIR,POR,2223,2,8658,8462,1,0
HUL,TOT,2224,2,8667,8586,1,5
BUR,MUN,2225,2,8191,10260,1,0
WIG,WOL,2226,2,8528,8602,0,1
LIV,STK,2227,2,8650,10194,4,0
MCI,EVE,2228,2,8456,8668,0,2
WOL,MCI,2229,20,8602,8456,0,3
TOT,WHU,2230,20,8586,8654,2,0
STK,BIR,2231,20,10194,8658,0,1
POR,ARS,2232,20,8462,9825,1,4
EVE,BUR,2233,20,8668,8191,2,0
CHE,FUL,2234,20,8455,9879,2,1
BOL,HUL,2235,20,8559,8667,2,2
BLB,SUN,2236,20,8655,8472,2,2
AVL,LIV,2237,20,10252,8650,0,1
MUN,WIG,2238,20,10260,8528,5,0
WIG,AVL,2239,21,8528,10252,1,2
WHU,WOL,2240,21,8654,8602,1,3
MCI,BLB,2241,21,8456,8655,4,1
LIV,TOT,2242,21,8650,8586,2,0
HUL,CHE,2243,21,8667,8455,1,1
FUL,POR,2244,21,9879,8462,1,0
BUR,STK,2245,21,8191,10194,1,1
SUN,BOL,2246,21,8472,8559,4,0
BIR,MUN,2247,21,8658,10260,1,1
ARS,EVE,2248,21,9825,8668,2,2
POR,BIR,2249,22,8462,8658,1,2
STK,LIV,2250,22,10194,8650,1,1
TOT,HUL,2251,22,8586,8667,0,0
WOL,WIG,2252,22,8602,8528,0,2
MUN,BUR,2253,22,10260,8191,3,0
EVE,MCI,2254,22,8668,8456,2,0
CHE,SUN,2255,22,8455,8472,7,2
BOL,ARS,2256,22,8559,9825,0,2
BLB,FUL,2257,22,8655,9879,2,0
AVL,WHU,2258,22,10252,8654,0,0
WOL,LIV,2259,23,8602,8650,0,0
TOT,FUL,2260,23,8586,9879,2,0
STK,MCI,2261,23,10194,8456,1,1
POR,WHU,2262,23,8462,8654,1,1
MUN,HUL,2263,23,10260,8667,4,0
BOL,BUR,2264,23,8559,8191,1,0
EVE,SUN,2265,23,8668,8472,2,0
CHE,BIR,2266,23,8455,8658,3,0
BLB,WIG,2267,23,8655,8528,2,1
AVL,ARS,2268,23,10252,9825,0,0
WHU,BLB,2269,24,8654,8655,0,0
WIG,EVE,2270,24,8528,8668,0,1
SUN,STK,2271,24,8472,10194,0,0
MCI,POR,2272,24,8456,8462,2,0
LIV,BOL,2273,24,8650,8559,2,0
HUL,WOL,2274,24,8667,8602,2,2
FUL,AVL,2275,24,9879,10252,0,2
BUR,CHE,2276,24,8191,8455,1,2
ARS,MUN,2277,24,9825,10260,1,3
BIR,TOT,2278,24,8658,8586,1,1
MUN,POR,2279,25,10260,8462,5,0
STK,BLB,2280,25,10194,8655,3,0
SUN,WIG,2281,25,8472,8528,1,1
TOT,AVL,2282,25,8586,10252,0,0
BUR,WHU,2283,25,8191,8654,2,1
CHE,ARS,2284,25,8455,9825,2,0
BOL,FUL,2285,25,8559,9879,0,0
HUL,MCI,2286,25,8667,8456,2,1
LIV,EVE,2287,25,8650,8668,1,0
BIR,WOL,2288,25,8658,8602,2,1
ARS,LIV,2289,26,9825,8650,1,0
FUL,BUR,2290,26,9879,8191,3,0
WHU,BIR,2291,26,8654,8658,2,0
WOL,TOT,2292,26,8602,8586,1,0
WIG,STK,2293,26,8528,10194,1,1
POR,SUN,2294,26,8462,8472,1,1
BLB,HUL,2295,26,8655,8667,1,0
AVL,MUN,2296,26,10252,10260,1,1
EVE,CHE,2297,26,8668,8455,2,1
MCI,BOL,2298,26,8456,8559,2,0
FUL,BIR,2299,27,9879,8658,2,1
POR,STK,2300,27,8462,10194,1,2
WHU,HUL,2301,27,8654,8667,3,0
BLB,BOL,2302,27,8655,8559,3,0
EVE,MUN,2303,27,8668,10260,3,1
ARS,SUN,2304,27,9825,8472,2,0
WIG,TOT,2305,27,8528,8586,0,3
WOL,CHE,2306,27,8602,8455,0,2
MCI,LIV,2307,27,8456,8650,0,0
AVL,BUR,2308,27,10252,8191,5,2
SUN,FUL,2309,28,8472,9879,0,0
TOT,EVE,2310,28,8586,8668,2,1
STK,ARS,2311,28,10194,9825,1,3
MUN,WHU,2312,28,10260,8654,3,0
LIV,BLB,2313,28,8650,8655,2,1
HUL,AVL,2314,28,8667,10252,0,2
CHE,MCI,2315,28,8455,8456,2,4
BIR,WIG,2316,28,8658,8528,1,0
BUR,POR,2317,28,8191,8462,1,2
BOL,WOL,2318,28,8559,8602,1,0
WIG,LIV,2319,29,8528,8650,1,0
WHU,BOL,2320,29,8654,8559,1,2
MCI,TOT,2321,29,8456,8586,0,1
POR,CHE,2322,29,8462,8455,0,5
EVE,HUL,2323,29,8668,8667,5,1
BLB,BIR,2324,29,8655,8658,2,1
AVL,SUN,2325,29,10252,8472,1,1
ARS,BUR,2326,29,9825,8191,3,1
WOL,MUN,2327,29,8602,10260,0,1
FUL,STK,2328,29,9879,10194,0,1
ARS,POR,2329,3,9825,8462,4,1
LIV,AVL,2330,3,8650,10252,1,3
SUN,BLB,2331,3,8472,8655,2,1
WHU,TOT,2332,3,8654,8586,1,2
MCI,WOL,2333,3,8456,8602,1,0
FUL,CHE,2334,3,9879,8455,0,2
BIR,STK,2335,3,8658,10194,0,0
HUL,BOL,2336,3,8667,8559,1,0
BUR,EVE,2337,3,8191,8668,1,0
WIG,MUN,2338,3,8528,10260,0,5
TOT,BLB,2339,30,8586,8655,3,1
SUN,MCI,2340,30,8472,8456,1,1
STK,AVL,2341,30,10194,10252,0,0
MUN,FUL,2342,30,10260,9879,3,0
LIV,POR,2343,30,8650,8462,4,1
HUL,ARS,2344,30,8667,9825,1,2
BIR,EVE,2345,30,8658,8668,2,2
BOL,WIG,2346,30,8559,8528,4,0
BUR,WOL,2347,30,8191,8602,1,2
CHE,WHU,2348,30,8455,8654,4,1
WIG,BUR,2349,31,8528,8191,1,0
SUN,BIR,2350,31,8472,8658,3,1
ARS,WHU,2351,31,9825,8654,2,0
AVL,WOL,2352,31,10252,8602,2,2
BLB,CHE,2353,31,8655,8455,1,1
POR,HUL,2354,31,8462,8667,3,2
EVE,BOL,2355,31,8668,8559,2,0
FUL,MCI,2356,31,9879,8456,1,2
MUN,LIV,2357,31,10260,8650,2,1
STK,TOT,2358,31,10194,8586,1,2
LIV,SUN,2359,32,8650,8472,3,0
MCI,WIG,2360,32,8456,8528,3,0
TOT,POR,2361,32,8586,8462,2,0
BOL,MUN,2362,32,8559,10260,0,4
WHU,STK,2363,32,8654,10194,0,1
WOL,EVE,2364,32,8602,8668,0,0
HUL,FUL,2365,32,8667,9879,2,0
CHE,AVL,2366,32,8455,10252,7,1
BUR,BLB,2367,32,8191,8655,0,1
BIR,ARS,2368,32,8658,9825,1,1
SUN,TOT,2369,33,8472,8586,3,1
STK,HUL,2370,33,10194,8667,2,0
POR,BLB,2371,33,8462,8655,0,0
MUN,CHE,2372,33,10260,8455,1,2
FUL,WIG,2373,33,9879,8528,2,1
EVE,WHU,2374,33,8668,8654,2,2
BUR,MCI,2375,33,8191,8456,1,6
BOL,AVL,2376,33,8559,10252,0,1
BIR,LIV,2377,33,8658,8650,1,1
ARS,WOL,2378,33,9825,8602,1,0
WHU,SUN,2379,34,8654,8472,1,0
WOL,STK,2380,34,8602,10194,0,0
WIG,POR,2381,34,8528,8462,0,0
TOT,ARS,2382,34,8586,9825,2,1
MCI,BIR,2383,34,8456,8658,5,1
LIV,FUL,2384,34,8650,9879,0,0
HUL,BUR,2385,34,8667,8191,1,4
CHE,BOL,2386,34,8455,8559,1,0
BLB,MUN,2387,34,8655,10260,0,0
AVL,EVE,2388,34,10252,8668,2,2
WIG,ARS,2389,35,8528,9825,3,2
TOT,CHE,2390,35,8586,8455,2,1
SUN,BUR,2391,35,8472,8191,2,1
STK,BOL,2392,35,10194,8559,1,2
POR,AVL,2393,35,8462,10252,1,2
LIV,WHU,2394,35,8650,8654,3,0
FUL,WOL,2395,35,9879,8602,0,0
BLB,EVE,2396,35,8655,8668,2,3
BIR,HUL,2397,35,8658,8667,0,0
MCI,MUN,2398,35,8456,10260,0,1
EVE,FUL,2399,36,8668,9879,2,1
HUL,SUN,2400,36,8667,8472,0,1
WOL,BLB,2401,36,8602,8655,1,1
WHU,WIG,2402,36,8654,8528,3,2
MUN,TOT,2403,36,10260,8586,3,1
CHE,STK,2404,36,8455,10194,7,0
BUR,LIV,2405,36,8191,8650,0,4
BOL,POR,2406,36,8559,8462,2,2
AVL,BIR,2407,36,10252,8658,1,0
ARS,MCI,2408,36,9825,8456,0,0
WIG,HUL,2409,37,8528,8667,2,2
TOT,BOL,2410,37,8586,8559,1,0
SUN,MUN,2411,37,8472,10260,0,1
STK,EVE,2412,37,10194,8668,0,0
POR,WOL,2413,37,8462,8602,3,1
MCI,AVL,2414,37,8456,10252,3,1
BIR,BUR,2415,37,8658,8191,2,1
BLB,ARS,2416,37,8655,9825,2,1
FUL,WHU,2417,37,9879,8654,3,2
LIV,CHE,2418,37,8650,8455,0,2
WOL,SUN,2419,38,8602,8472,2,1
EVE,POR,2420,38,8668,8462,1,0
CHE,WIG,2421,38,8455,8528,8,0
BUR,TOT,2422,38,8191,8586,4,2
BOL,BIR,2423,38,8559,8658,2,1
AVL,BLB,2424,38,10252,8655,0,1
ARS,FUL,2425,38,9825,9879,4,0
MUN,STK,2426,38,10260,10194,4,0
WHU,MCI,2427,38,8654,8456,1,1
HUL,LIV,2428,38,8667,8650,0,0
MUN,ARS,2429,4,10260,9825,2,1
TOT,BIR,2430,4,8586,8658,2,1
AVL,FUL,2431,4,10252,9879,2,0
EVE,WIG,2432,4,8668,8528,2,1
WOL,HUL,2433,4,8602,8667,1,1
BLB,WHU,2434,4,8655,8654,0,0
BOL,LIV,2435,4,8559,8650,2,3
POR,MCI,2436,4,8462,8456,0,1
STK,SUN,2437,4,10194,8472,1,0
CHE,BUR,2438,4,8455,8191,3,0
LIV,BUR,2439,5,8650,8191,4,0
SUN,HUL,2440,5,8472,8667,4,1
TOT,MUN,2441,5,8586,10260,1,3
MCI,ARS,2442,5,8456,9825,4,2
BLB,WOL,2443,5,8655,8602,3,1
FUL,EVE,2444,5,9879,8668,2,1
BIR,AVL,2445,5,8658,10252,0,1
POR,BOL,2446,5,8462,8559,2,3
STK,CHE,2447,5,10194,8455,1,2
WIG,WHU,2448,5,8528,8654,1,0
MUN,MCI,2449,6,10260,8456,4,3
ARS,WIG,2450,6,9825,8528,4,0
WHU,LIV,2451,6,8654,8650,2,3
AVL,POR,2452,6,10252,8462,2,0
EVE,BLB,2453,6,8668,8655,3,0
WOL,FUL,2454,6,8602,9879,2,1
BOL,STK,2455,6,8559,10194,1,1
HUL,BIR,2456,6,8667,8658,0,1
BUR,SUN,2457,6,8191,8472,3,1
CHE,TOT,2458,6,8455,8586,3,0
LIV,HUL,2459,7,8650,8667,6,1
TOT,BUR,2460,7,8586,8191,5,0
WIG,CHE,2461,7,8528,8455,3,1
SUN,WOL,2462,7,8472,8602,5,2
STK,MUN,2463,7,10194,10260,0,2
POR,EVE,2464,7,8462,8668,0,1
MCI,WHU,2465,7,8456,8654,3,1
FUL,ARS,2466,7,9879,9825,0,1
BLB,AVL,2467,7,8655,10252,2,1
BIR,BOL,2468,7,8658,8559,1,2
MUN,SUN,2469,8,10260,8472,2,2
WOL,POR,2470,8,8602,8462,0,1
WHU,FUL,2471,8,8654,9879,2,2
EVE,STK,2472,8,8668,10194,1,1
CHE,LIV,2473,8,8455,8650,2,0
BUR,BIR,2474,8,8191,8658,2,1
BOL,TOT,2475,8,8559,8586,2,2
HUL,WIG,2476,8,8667,8528,2,1
AVL,MCI,2477,8,10252,8456,1,1
ARS,BLB,2478,8,9825,8655,6,2
STK,WHU,2479,9,10194,8654,2,1
MUN,BOL,2480,9,10260,8559,2,1
FUL,HUL,2481,9,9879,8667,2,0
EVE,WOL,2482,9,8668,8602,1,1
BLB,BUR,2483,9,8655,8191,3,2
AVL,CHE,2484,9,10252,8455,2,1
SUN,LIV,2485,9,8472,8650,1,0
WIG,MCI,2486,9,8528,8456,1,1
POR,TOT,2487,9,8462,8586,1,2
ARS,BIR,2488,9,9825,8658,3,1
AVL,WHU,2489,1,10252,8654,3,0
BLB,EVE,2490,1,8655,8668,1,0
BOL,FUL,2491,1,8559,9879,0,0
CHE,WBA,2492,1,8455,8659,6,0
LIV,ARS,2493,1,8650,9825,1,1
MUN,NEW,2494,1,10260,10261,3,0
SUN,BIR,2495,1,8472,8658,2,2
TOT,MCI,2496,1,8586,8456,0,0
WOL,STK,2497,1,8602,10194,2,1
WIG,BLA,2498,1,8528,8483,0,4
MUN,TOT,2499,10,10260,8586,2,0
ARS,WHU,2500,10,9825,8654,1,0
AVL,BIR,2501,10,10252,8658,0,0
EVE,STK,2502,10,8668,10194,1,0
NEW,SUN,2503,10,10261,8472,5,1
WOL,MCI,2504,10,8602,8456,2,1
BLB,CHE,2505,10,8655,8455,1,2
FUL,WIG,2506,10,9879,8528,2,0
BOL,LIV,2507,10,8559,8650,0,1
BLA,WBA,2508,10,8483,8659,2,1
MUN,WOL,2509,11,10260,8602,2,1
ARS,NEW,2510,11,9825,10261,0,1
LIV,CHE,2511,11,8650,8455,2,0
SUN,STK,2512,11,8472,10194,2,0
BLB,WIG,2513,11,8655,8528,2,1
FUL,AVL,2514,11,9879,10252,1,1
BIR,WHU,2515,11,8658,8654,2,2
BOL,TOT,2516,11,8559,8586,4,2
WBA,MCI,2517,11,8659,8456,0,2
BLA,EVE,2518,11,8483,8668,2,2
TOT,SUN,2519,12,8586,8472,1,1
WHU,WBA,2520,12,8654,8659,2,2
WOL,ARS,2521,12,8602,9825,0,2
STK,BIR,2522,12,10194,8658,3,2
WIG,LIV,2523,12,8528,8650,1,1
AVL,BLA,2524,12,10252,8483,3,2
EVE,BOL,2525,12,8668,8559,1,1
NEW,BLB,2526,12,10261,8655,1,2
MCI,MUN,2527,12,8456,10260,0,0
CHE,FUL,2528,12,8455,9879,1,0
TOT,BLB,2529,13,8586,8655,4,2
WHU,BLA,2530,13,8654,8483,0,0
AVL,MUN,2531,13,10252,10260,2,2
EVE,ARS,2532,13,8668,9825,1,2
NEW,FUL,2533,13,10261,9879,0,0
MCI,BIR,2534,13,8456,8658,0,0
WOL,BOL,2535,13,8602,8559,2,3
STK,LIV,2536,13,10194,8650,2,0
WIG,WBA,2537,13,8528,8659,1,0
CHE,SUN,2538,13,8455,8472,0,3
MUN,WIG,2539,14,10260,8528,2,0
ARS,TOT,2540,14,9825,8586,2,3
LIV,WHU,2541,14,8650,8654,3,0
SUN,EVE,2542,14,8472,8668,2,2
BLB,AVL,2543,14,8655,10252,2,0
FUL,MCI,2544,14,9879,8456,1,4
BIR,CHE,2545,14,8658,8455,1,0
BOL,NEW,2546,14,8559,10261,5,1
WBA,STK,2547,14,8659,10194,0,3
BLA,WOL,2548,14,8483,8602,2,1
MUN,BLB,2549,15,10260,8655,7,1
TOT,LIV,2550,15,8586,8650,2,1
WHU,WIG,2551,15,8654,8528,3,1
AVL,ARS,2552,15,10252,9825,2,4
EVE,WBA,2553,15,8668,8659,1,4
NEW,CHE,2554,15,10261,8455,1,1
WOL,SUN,2555,15,8602,8472,3,2
FUL,BIR,2556,15,9879,8658,1,1
BOL,BLA,2557,15,8559,8483,2,2
STK,MCI,2558,15,10194,8456,1,1
ARS,FUL,2559,16,9825,9879,2,1
LIV,AVL,2560,16,8650,10252,3,0
SUN,WHU,2561,16,8472,8654,1,0
MCI,BOL,2562,16,8456,8559,1,0
BLB,WOL,2563,16,8655,8602,3,0
BIR,TOT,2564,16,8658,8586,1,1
WBA,NEW,2565,16,8659,10261,3,1
BLA,MUN,2566,16,8483,10260,2,3
WIG,STK,2567,16,8528,10194,2,2
CHE,EVE,2568,16,8455,8668,1,1
MUN,ARS,2569,17,10260,9825,1,0
TOT,CHE,2570,17,8586,8455,1,1
WHU,MCI,2571,17,8654,8456,1,3
AVL,WBA,2572,17,10252,8659,2,1
EVE,WIG,2573,17,8668,8528,0,0
NEW,LIV,2574,17,10261,8650,3,1
WOL,BIR,2575,17,8602,8658,1,0
FUL,SUN,2576,17,9879,8472,0,0
BOL,BLB,2577,17,8559,8655,2,1
STK,BLA,2578,17,10194,8483,0,1
ARS,STK,2579,18,9825,10194,1,0
LIV,FUL,2580,18,8650,9879,1,0
SUN,BOL,2581,18,8472,8559,1,0
MCI,EVE,2582,18,8456,8668,1,2
BLB,WHU,2583,18,8655,8654,1,1
BIR,NEW,2584,18,8658,10261,0,2
WBA,WOL,2585,18,8659,8602,1,1
BLA,TOT,2586,18,8483,8586,3,1
WIG,AVL,2587,18,8528,10252,1,2
CHE,MUN,2588,18,8455,10260,2,1
MUN,SUN,2589,19,10260,8472,2,0
ARS,CHE,2590,19,9825,8455,3,1
AVL,TOT,2591,19,10252,8586,1,2
EVE,BIR,2592,19,8668,8658,1,1
NEW,MCI,2593,19,10261,8456,1,3
WOL,WIG,2594,19,8602,8528,1,2
BLB,STK,2595,19,8655,10194,0,2
FUL,WHU,2596,19,9879,8654,1,3
BOL,WBA,2597,19,8559,8659,2,0
BLA,LIV,2598,19,8483,8650,2,1
ARS,BLA,2599,2,9825,8483,6,0
WHU,BOL,2600,2,8654,8559,1,3
EVE,WOL,2601,2,8668,8602,1,1
NEW,AVL,2602,2,10261,10252,6,0
MCI,LIV,2603,2,8456,8650,3,0
FUL,MUN,2604,2,9879,10260,2,2
BIR,BLB,2605,2,8658,8655,2,1
WBA,SUN,2606,2,8659,8472,1,0
STK,TOT,2607,2,10194,8586,1,2
WIG,CHE,2608,2,8528,8455,0,6
LIV,WOL,2609,20,8650,8602,0,1
SUN,BLA,2610,20,8472,8483,0,2
TOT,NEW,2611,20,8586,10261,2,0
WHU,EVE,2612,20,8654,8668,1,1
MCI,AVL,2613,20,8456,10252,4,0
BIR,MUN,2614,20,8658,10260,1,1
WBA,BLB,2615,20,8659,8655,1,3
STK,FUL,2616,20,10194,9879,0,2
WIG,ARS,2617,20,8528,9825,2,2
CHE,BOL,2618,20,8455,8559,1,0
LIV,BOL,2619,21,8650,8559,2,1
SUN,BLB,2620,21,8472,8655,3,0
TOT,FUL,2621,21,8586,9879,1,0
WHU,WOL,2622,21,8654,8602,2,0
MCI,BLA,2623,21,8456,8483,1,0
BIR,ARS,2624,21,8658,9825,0,3
WBA,MUN,2625,21,8659,10260,1,2
STK,EVE,2626,21,10194,8668,2,0
WIG,NEW,2627,21,8528,10261,0,1
CHE,AVL,2628,21,8455,10252,3,3
MUN,STK,2629,22,10260,10194,2,1
ARS,MCI,2630,22,9825,8456,0,0
WOL,CHE,2631,22,8602,8455,1,0
BOL,WIG,2632,22,8559,8528,1,1
BLA,BIR,2633,22,8483,8658,1,2
AVL,SUN,2634,22,10252,8472,0,1
EVE,TOT,2635,22,8668,8586,2,1
NEW,WHU,2636,22,10261,8654,5,0
BLB,LIV,2637,22,8655,8650,3,1
FUL,WBA,2638,22,9879,8659,3,0
LIV,EVE,2639,23,8650,8668,2,2
SUN,NEW,2640,23,8472,10261,1,1
TOT,MUN,2641,23,8586,10260,0,0
WHU,ARS,2642,23,8654,9825,0,3
MCI,WOL,2643,23,8456,8602,4,3
BIR,AVL,2644,23,8658,10252,1,1
WBA,BLA,2645,23,8659,8483,3,2
STK,BOL,2646,23,10194,8559,2,0
WIG,FUL,2647,23,8528,9879,1,1
CHE,BLB,2648,23,8455,8655,2,0
MUN,BIR,2649,24,10260,8658,5,0
ARS,WIG,2650,24,9825,8528,3,0
AVL,MCI,2651,24,10252,8456,1,0
EVE,WHU,2652,24,8668,8654,2,2
NEW,TOT,2653,24,10261,8586,1,1
WOL,LIV,2654,24,8602,8650,0,3
BLB,WBA,2655,24,8655,8659,2,0
FUL,STK,2656,24,9879,10194,2,0
BOL,CHE,2657,24,8559,8455,0,4
BLA,SUN,2658,24,8483,8472,1,2
MUN,AVL,2659,25,10260,10252,3,1
ARS,EVE,2660,25,9825,8668,2,1
SUN,CHE,2661,25,8472,8455,2,4
BIR,MCI,2662,25,8658,8456,2,2
BOL,WOL,2663,25,8559,8602,1,0
WBA,WIG,2664,25,8659,8528,2,2
BLA,WHU,2665,25,8483,8654,1,3
LIV,STK,2666,25,8650,10194,2,0
BLB,TOT,2667,25,8655,8586,0,1
FUL,NEW,2668,25,9879,10261,1,0
TOT,BOL,2669,26,8586,8559,2,1
WHU,BIR,2670,26,8654,8658,0,1
AVL,FUL,2671,26,10252,9879,2,2
EVE,BLA,2672,26,8668,8483,5,3
NEW,ARS,2673,26,10261,9825,4,4
MCI,WBA,2674,26,8456,8659,3,0
WOL,MUN,2675,26,8602,10260,2,1
STK,SUN,2676,26,10194,8472,3,2
WIG,BLB,2677,26,8528,8655,4,3
CHE,LIV,2678,26,8455,8650,0,1
MUN,MCI,2679,27,10260,8456,2,1
ARS,WOL,2680,27,9825,8602,2,0
LIV,WIG,2681,27,8650,8528,1,1
SUN,TOT,2682,27,8472,8586,1,2
BLB,NEW,2683,27,8655,10261,0,0
FUL,CHE,2684,27,9879,8455,0,0
BIR,STK,2685,27,8658,10194,1,0
BOL,EVE,2686,27,8559,8668,2,0
WBA,WHU,2687,27,8659,8654,3,3
BLA,AVL,2688,27,8483,10252,1,1
TOT,ARS,2689,28,8586,9825,3,3
WHU,LIV,2690,28,8654,8650,3,1
AVL,BLB,2691,28,10252,8655,4,1
EVE,SUN,2692,28,8668,8472,2,0
NEW,BOL,2693,28,10261,8559,1,1
MCI,FUL,2694,28,8456,9879,1,1
WOL,BLA,2695,28,8602,8483,4,0
STK,WBA,2696,28,10194,8659,1,1
WIG,MUN,2697,28,8528,10260,0,4
CHE,BIR,2698,28,8455,8658,3,1
ARS,SUN,2699,29,9825,8472,0,0
LIV,MUN,2700,29,8650,10260,3,1
WHU,STK,2701,29,8654,10194,3,0
NEW,EVE,2702,29,10261,8668,1,2
MCI,WIG,2703,29,8456,8528,1,0
WOL,TOT,2704,29,8602,8586,3,3
FUL,BLB,2705,29,9879,8655,3,2
BIR,WBA,2706,29,8658,8659,1,3
BOL,AVL,2707,29,8559,10252,3,2
BLA,CHE,2708,29,8483,8455,1,3
MUN,WHU,2709,3,10260,8654,3,0
LIV,WBA,2710,3,8650,8659,1,0
SUN,MCI,2711,3,8472,8456,1,0
TOT,WIG,2712,3,8586,8528,0,1
AVL,EVE,2713,3,10252,8668,1,0
WOL,NEW,2714,3,8602,10261,1,1
BLB,ARS,2715,3,8655,9825,1,2
BOL,BIR,2716,3,8559,8658,2,2
BLA,FUL,2717,3,8483,9879,2,2
CHE,STK,2718,3,8455,10194,2,0
MUN,BOL,2719,30,10260,8559,1,0
SUN,LIV,2720,30,8472,8650,0,2
TOT,WHU,2721,30,8586,8654,0,0
AVL,WOL,2722,30,10252,8602,0,1
EVE,FUL,2723,30,8668,9879,2,1
BLB,BLA,2724,30,8655,8483,2,2
WBA,ARS,2725,30,8659,9825,2,2
STK,NEW,2726,30,10194,10261,4,0
WIG,BIR,2727,30,8528,8658,2,1
CHE,MCI,2728,30,8455,8456,2,0
ARS,BLB,2729,31,9825,8655,0,0
WHU,MUN,2730,31,8654,10260,2,4
EVE,AVL,2731,31,8668,10252,2,2
NEW,WOL,2732,31,10261,8602,4,1
MCI,SUN,2733,31,8456,8472,5,0
FUL,BLA,2734,31,9879,8483,3,0
BIR,BOL,2735,31,8658,8559,2,1
WBA,LIV,2736,31,8659,8650,2,1
STK,CHE,2737,31,10194,8455,1,1
WIG,TOT,2738,31,8528,8586,0,0
MUN,FUL,2739,32,10260,9879,2,0
LIV,MCI,2740,32,8650,8456,3,0
SUN,WBA,2741,32,8472,8659,2,3
TOT,STK,2742,32,8586,10194,3,2
AVL,NEW,2743,32,10252,10261,1,0
WOL,EVE,2744,32,8602,8668,0,3
BLB,BIR,2745,32,8655,8658,1,1
BOL,WHU,2746,32,8559,8654,3,0
BLA,ARS,2747,32,8483,9825,1,3
CHE,WIG,2748,32,8455,8528,1,0
BLA,WIG,2749,33,8483,8528,1,3
ARS,LIV,2750,33,9825,8650,1,1
WHU,AVL,2751,33,8654,10252,1,2
EVE,BLB,2752,33,8668,8655,2,0
NEW,MUN,2753,33,10261,10260,0,0
MCI,TOT,2754,33,8456,8586,1,0
FUL,BOL,2755,33,9879,8559,3,0
BIR,SUN,2756,33,8658,8472,2,0
WBA,CHE,2757,33,8659,8455,1,3
STK,WOL,2758,33,10194,8602,3,0
MUN,EVE,2759,34,10260,8668,1,0
LIV,BIR,2760,34,8650,8658,5,0
SUN,WIG,2761,34,8472,8528,4,2
TOT,WBA,2762,34,8586,8659,2,2
AVL,STK,2763,34,10252,10194,1,1
WOL,FUL,2764,34,8602,9879,1,1
BLB,MCI,2765,34,8655,8456,0,1
BOL,ARS,2766,34,8559,9825,2,1
BLA,NEW,2767,34,8483,10261,1,1
CHE,WHU,2768,34,8455,8654,3,0
ARS,MUN,2769,35,9825,10260,1,0
LIV,NEW,2770,35,8650,10261,3,0
SUN,FUL,2771,35,8472,9879,0,3
MCI,WHU,2772,35,8456,8654,2,1
BLB,BOL,2773,35,8655,8559,1,0
BIR,WOL,2774,35,8658,8602,1,1
WBA,AVL,2775,35,8659,10252,2,1
BLA,STK,2776,35,8483,10194,0,0
WIG,EVE,2777,35,8528,8668,1,1
CHE,TOT,2778,35,8455,8586,2,1
MUN,CHE,2779,36,10260,8455,2,1
TOT,BLA,2780,36,8586,8483,1,1
WHU,BLB,2781,36,8654,8655,1,1
AVL,WIG,2782,36,10252,8528,1,1
EVE,MCI,2783,36,8668,8456,2,1
NEW,BIR,2784,36,10261,8658,2,1
WOL,WBA,2785,36,8602,8659,3,1
FUL,LIV,2786,36,9879,8650,2,5
BOL,SUN,2787,36,8559,8472,1,2
STK,ARS,2788,36,10194,9825,3,1
ARS,AVL,2789,37,9825,10252,1,2
LIV,TOT,2790,37,8650,8586,0,2
SUN,WOL,2791,37,8472,8602,1,3
MCI,STK,2792,37,8456,10194,3,0
BLB,MUN,2793,37,8655,10260,1,1
BIR,FUL,2794,37,8658,9879,0,2
WBA,EVE,2795,37,8659,8668,1,0
BLA,BOL,2796,37,8483,8559,4,3
WIG,WHU,2797,37,8528,8654,3,2
CHE,NEW,2798,37,8455,10261,2,2
MUN,BLA,2799,38,10260,8483,4,2
TOT,BIR,2800,38,8586,8658,2,1
WHU,SUN,2801,38,8654,8472,0,3
AVL,LIV,2802,38,10252,8650,1,0
EVE,CHE,2803,38,8668,8455,1,0
NEW,WBA,2804,38,10261,8659,3,3
WOL,BLB,2805,38,8602,8655,2,3
FUL,ARS,2806,38,9879,9825,2,2
BOL,MCI,2807,38,8559,8456,0,2
STK,WIG,2808,38,10194,8528,0,1
ARS,BOL,2809,4,9825,8559,4,1
WHU,CHE,2810,4,8654,8455,1,3
EVE,MUN,2811,4,8668,10260,3,3
NEW,BLA,2812,4,10261,8483,0,2
MCI,BLB,2813,4,8456,8655,1,1
FUL,WOL,2814,4,9879,8602,2,1
BIR,LIV,2815,4,8658,8650,0,0
WBA,TOT,2816,4,8659,8586,1,1
STK,AVL,2817,4,10194,10252,2,1
WIG,SUN,2818,4,8528,8472,1,1
MUN,LIV,2819,5,10260,8650,3,2
SUN,ARS,2820,5,8472,9825,1,1
TOT,WOL,2821,5,8586,8602,3,1
AVL,BOL,2822,5,10252,8559,1,1
EVE,NEW,2823,5,8668,10261,0,1
BLB,FUL,2824,5,8655,9879,1,1
WBA,BIR,2825,5,8659,8658,3,1
STK,WHU,2826,5,10194,8654,1,1
WIG,MCI,2827,5,8528,8456,0,2
CHE,BLA,2828,5,8455,8483,4,0
ARS,WBA,2829,6,9825,8659,2,3
LIV,SUN,2830,6,8650,8472,2,2
WHU,TOT,2831,6,8654,8586,1,0
NEW,STK,2832,6,10261,10194,1,2
MCI,CHE,2833,6,8456,8455,1,0
WOL,AVL,2834,6,8602,10252,1,2
FUL,EVE,2835,6,9879,8668,0,0
BIR,WIG,2836,6,8658,8528,0,0
BOL,MUN,2837,6,8559,10260,2,2
BLA,BLB,2838,6,8483,8655,1,2
LIV,BLA,2839,7,8650,8483,1,2
SUN,MUN,2840,7,8472,10260,0,0
TOT,AVL,2841,7,8586,10252,2,1
WHU,FUL,2842,7,8654,9879,1,1
MCI,NEW,2843,7,8456,10261,2,1
BIR,EVE,2844,7,8658,8668,0,2
WBA,BOL,2845,7,8659,8559,1,1
STK,BLB,2846,7,10194,8655,1,0
WIG,WOL,2847,7,8528,8602,2,0
CHE,ARS,2848,7,8455,9825,2,0
MUN,WBA,2849,8,10260,8659,2,2
ARS,BIR,2850,8,9825,8658,2,1
AVL,CHE,2851,8,10252,8455,0,0
EVE,LIV,2852,8,8668,8650,2,0
NEW,WIG,2853,8,10261,8528,2,2
WOL,WHU,2854,8,8602,8654,1,1
BLB,SUN,2855,8,8655,8472,0,0
FUL,TOT,2856,8,9879,8586,1,2
BOL,STK,2857,8,8559,10194,2,1
BLA,MCI,2858,8,8483,8456,2,3
LIV,BLB,2859,9,8650,8655,2,1
SUN,AVL,2860,9,8472,10252,1,0
TOT,EVE,2861,9,8586,8668,1,1
WHU,NEW,2862,9,8654,10261,1,2
MCI,ARS,2863,9,8456,9825,0,3
BIR,BLA,2864,9,8658,8483,2,0
WBA,FUL,2865,9,8659,9879,2,1
STK,MUN,2866,9,10194,10260,1,2
WIG,BOL,2867,9,8528,8559,1,1
CHE,WOL,2868,9,8455,8602,2,0
BLB,WOL,2869,1,8655,8602,1,2
FUL,AVL,2870,1,9879,10252,0,0
LIV,SUN,2871,1,8650,8472,1,1
MCI,SWA,2872,1,8456,10003,4,0
NEW,ARS,2873,1,10261,9825,0,0
QPR,BOL,2874,1,10172,8559,0,4
STK,CHE,2875,1,10194,8455,0,0
TOT,EVE,2876,1,8586,8668,2,0
WBA,MUN,2877,1,8659,10260,1,2
WIG,NOR,2878,1,8528,9850,1,1
CHE,ARS,2879,10,8455,9825,3,5
EVE,MUN,2880,10,8668,10260,0,1
MCI,WOL,2881,10,8456,8602,3,1
NOR,BLB,2882,10,9850,8655,3,3
STK,NEW,2883,10,10194,10261,1,3
SUN,AVL,2884,10,8472,10252,2,2
SWA,BOL,2885,10,10003,8559,3,1
TOT,QPR,2886,10,8586,10172,3,1
WBA,LIV,2887,10,8659,8650,0,2
WIG,FUL,2888,10,8528,9879,0,2
ARS,WBA,2889,11,9825,8659,3,0
AVL,NOR,2890,11,10252,9850,3,2
BLB,CHE,2891,11,8655,8455,0,1
BOL,STK,2892,11,8559,10194,5,0
FUL,TOT,2893,11,9879,8586,1,3
LIV,SWA,2894,11,8650,10003,0,0
MUN,SUN,2895,11,10260,8472,1,0
NEW,EVE,2896,11,10261,8668,2,1
QPR,MCI,2897,11,10172,8456,2,3
WOL,WIG,2898,11,8602,8528,3,1
CHE,LIV,2899,12,8455,8650,1,2
EVE,WOL,2900,12,8668,8602,2,1
MCI,NEW,2901,12,8456,10261,3,1
NOR,ARS,2902,12,9850,9825,1,2
STK,QPR,2903,12,10194,10172,2,3
SUN,FUL,2904,12,8472,9879,0,0
SWA,MUN,2905,12,10003,10260,0,1
TOT,AVL,2906,12,8586,10252,2,0
WBA,BOL,2907,12,8659,8559,2,1
WIG,BLB,2908,12,8528,8655,3,3
ARS,FUL,2909,13,9825,9879,1,1
BOL,EVE,2910,13,8559,8668,0,2
CHE,WOL,2911,13,8455,8602,3,0
LIV,MCI,2912,13,8650,8456,1,1
MUN,NEW,2913,13,10260,10261,1,1
NOR,QPR,2914,13,9850,10172,2,1
STK,BLB,2915,13,10194,8655,3,1
SUN,WIG,2916,13,8472,8528,1,2
SWA,AVL,2917,13,10003,10252,0,0
WBA,TOT,2918,13,8659,8586,1,3
AVL,MUN,2919,14,10252,10260,0,1
BLB,SWA,2920,14,8655,10003,4,2
EVE,STK,2921,14,8668,10194,0,1
FUL,LIV,2922,14,9879,8650,1,0
MCI,NOR,2923,14,8456,9850,5,1
NEW,CHE,2924,14,10261,8455,0,3
QPR,WBA,2925,14,10172,8659,1,1
TOT,BOL,2926,14,8586,8559,3,0
WIG,ARS,2927,14,8528,9825,0,4
WOL,SUN,2928,14,8602,8472,2,1
ARS,EVE,2929,15,9825,8668,1,0
BOL,AVL,2930,15,8559,10252,1,2
CHE,MCI,2931,15,8455,8456,2,1
LIV,QPR,2932,15,8650,10172,1,0
MUN,WOL,2933,15,10260,8602,4,1
NOR,NEW,2934,15,9850,10261,4,2
STK,TOT,2935,15,10194,8586,2,1
SUN,BLB,2936,15,8472,8655,2,1
SWA,FUL,2937,15,10003,9879,2,0
WBA,WIG,2938,15,8659,8528,1,2
AVL,LIV,2939,16,10252,8650,0,2
BLB,WBA,2940,16,8655,8659,1,2
EVE,NOR,2941,16,8668,9850,1,1
FUL,BOL,2942,16,9879,8559,2,0
MCI,ARS,2943,16,8456,9825,1,0
NEW,SWA,2944,16,10261,10003,0,0
QPR,MUN,2945,16,10172,10260,0,2
TOT,SUN,2946,16,8586,8472,1,0
WIG,CHE,2947,16,8528,8455,1,1
WOL,STK,2948,16,8602,10194,1,2
QPR,SUN,2949,17,10172,8472,2,3
TOT,CHE,2950,17,8586,8455,1,1
WIG,LIV,2951,17,8528,8650,0,0
WOL,NOR,2952,17,8602,9850,2,2
AVL,ARS,2953,17,10252,9825,1,2
BLB,BOL,2954,17,8655,8559,1,2
EVE,SWA,2955,17,8668,10003,1,0
FUL,MUN,2956,17,9879,10260,0,5
MCI,STK,2957,17,8456,10194,3,0
NEW,WBA,2958,17,10261,8659,2,3
ARS,WOL,2959,18,9825,8602,1,1
BOL,NEW,2960,18,8559,10261,0,2
CHE,FUL,2961,18,8455,9879,1,1
LIV,BLB,2962,18,8650,8655,1,1
MUN,WIG,2963,18,10260,8528,5,0
NOR,TOT,2964,18,9850,8586,0,2
STK,AVL,2965,18,10194,10252,0,0
SUN,EVE,2966,18,8472,8668,1,1
SWA,QPR,2967,18,10003,10172,1,1
WBA,MCI,2968,18,8659,8456,0,0
ARS,QPR,2969,19,9825,10172,1,0
BOL,WOL,2970,19,8559,8602,1,1
CHE,AVL,2971,19,8455,10252,1,3
LIV,NEW,2972,19,8650,10261,3,1
MUN,BLB,2973,19,10260,8655,2,3
NOR,FUL,2974,19,9850,9879,1,1
STK,WIG,2975,19,10194,8528,2,2
SUN,MCI,2976,19,8472,8456,1,0
SWA,TOT,2977,19,10003,8586,1,1
WBA,EVE,2978,19,8659,8668,0,1
ARS,LIV,2979,2,9825,8650,0,2
AVL,BLB,2980,2,10252,8655,3,1
BOL,MCI,2981,2,8559,8456,2,3
CHE,WBA,2982,2,8455,8659,2,1
EVE,QPR,2983,2,8668,10172,0,1
MUN,TOT,2984,2,10260,8586,3,0
NOR,STK,2985,2,9850,10194,1,1
SUN,NEW,2986,2,8472,10261,0,1
SWA,WIG,2987,2,10003,8528,0,0
WOL,FUL,2988,2,8602,9879,2,0
AVL,SWA,2989,20,10252,10003,0,2
BLB,STK,2990,20,8655,10194,1,2
EVE,BOL,2991,20,8668,8559,1,2
FUL,ARS,2992,20,9879,9825,2,1
MCI,LIV,2993,20,8456,8650,3,0
NEW,MUN,2994,20,10261,10260,3,0
QPR,NOR,2995,20,10172,9850,1,2
TOT,WBA,2996,20,8586,8659,1,0
WIG,SUN,2997,20,8528,8472,1,4
WOL,CHE,2998,20,8602,8455,1,2
AVL,EVE,2999,21,10252,8668,1,1
BLB,FUL,3000,21,8655,9879,3,1
CHE,SUN,3001,21,8455,8472,1,0
LIV,STK,3002,21,8650,10194,0,0
MUN,BOL,3003,21,10260,8559,3,0
NEW,QPR,3004,21,10261,10172,1,0
SWA,ARS,3005,21,10003,9825,3,2
TOT,WOL,3006,21,8586,8602,1,1
WBA,NOR,3007,21,8659,9850,1,2
WIG,MCI,3008,21,8528,8456,0,1
ARS,MUN,3009,22,9825,10260,1,2
BOL,LIV,3010,22,8559,8650,3,1
EVE,BLB,3011,22,8668,8655,1,1
FUL,NEW,3012,22,9879,10261,5,2
MCI,TOT,3013,22,8456,8586,3,2
NOR,CHE,3014,22,9850,8455,0,0
QPR,WIG,3015,22,10172,8528,3,1
STK,WBA,3016,22,10194,8659,1,2
SUN,SWA,3017,22,8472,10003,2,0
WOL,AVL,3018,22,8602,10252,2,3
BOL,ARS,3019,23,8559,9825,0,0
MUN,STK,3020,23,10260,10194,2,0
SUN,NOR,3021,23,8472,9850,3,0
SWA,CHE,3022,23,10003,8455,1,1
TOT,WIG,3023,23,8586,8528,3,1
WOL,LIV,3024,23,8602,8650,0,3
AVL,QPR,3025,23,10252,10172,2,2
BLB,NEW,3026,23,8655,10261,0,2
EVE,MCI,3027,23,8668,8456,1,0
FUL,WBA,3028,23,9879,8659,1,1
ARS,BLB,3029,24,9825,8655,7,1
CHE,MUN,3030,24,8455,10260,3,3
LIV,TOT,3031,24,8650,8586,0,0
MCI,FUL,3032,24,8456,9879,3,0
NEW,AVL,3033,24,10261,10252,2,1
NOR,BOL,3034,24,9850,8559,2,0
QPR,WOL,3035,24,10172,8602,1,2
STK,SUN,3036,24,10194,8472,0,1
WBA,SWA,3037,24,8659,10003,1,2
WIG,EVE,3038,24,8528,8668,1,1
AVL,MCI,3039,25,10252,8456,0,1
BLB,QPR,3040,25,8655,10172,3,2
BOL,WIG,3041,25,8559,8528,1,2
EVE,CHE,3042,25,8668,8455,2,0
FUL,STK,3043,25,9879,10194,2,1
MUN,LIV,3044,25,10260,8650,2,1
SUN,ARS,3045,25,8472,9825,1,2
SWA,NOR,3046,25,10003,9850,2,3
TOT,NEW,3047,25,8586,10261,5,0
WOL,WBA,3048,25,8602,8659,1,5
ARS,TOT,3049,26,9825,8586,5,2
CHE,BOL,3050,26,8455,8559,3,0
LIV,EVE,3051,26,8650,8668,3,0
MCI,BLB,3052,26,8456,8655,3,0
NEW,WOL,3053,26,10261,8602,2,2
NOR,MUN,3054,26,9850,10260,1,2
QPR,FUL,3055,26,10172,9879,0,1
STK,SWA,3056,26,10194,10003,2,0
WBA,SUN,3057,26,8659,8472,4,0
WIG,AVL,3058,26,8528,10252,0,0
BLB,AVL,3059,27,8655,10252,1,1
FUL,WOL,3060,27,9879,8602,5,0
LIV,ARS,3061,27,8650,9825,1,2
MCI,BOL,3062,27,8456,8559,2,0
NEW,SUN,3063,27,10261,8472,1,1
QPR,EVE,3064,27,10172,8668,1,1
STK,NOR,3065,27,10194,9850,1,0
TOT,MUN,3066,27,8586,10260,1,3
WBA,CHE,3067,27,8659,8455,1,0
WIG,SWA,3068,27,8528,10003,0,2
ARS,NEW,3069,28,9825,10261,2,1
AVL,FUL,3070,28,10252,9879,1,0
BOL,QPR,3071,28,8559,10172,2,1
CHE,STK,3072,28,8455,10194,1,0
EVE,TOT,3073,28,8668,8586,1,0
MUN,WBA,3074,28,10260,8659,2,0
NOR,WIG,3075,28,9850,8528,1,1
SUN,LIV,3076,28,8472,8650,1,0
SWA,MCI,3077,28,10003,8456,1,0
WOL,BLB,3078,28,8602,8655,0,2
AVL,BOL,3079,29,10252,8559,1,2
BLB,SUN,3080,29,8655,8472,2,0
EVE,ARS,3081,29,8668,9825,0,1
FUL,SWA,3082,29,9879,10003,0,3
MCI,CHE,3083,29,8456,8455,2,1
NEW,NOR,3084,29,10261,9850,1,0
QPR,LIV,3085,29,10172,8650,3,2
TOT,STK,3086,29,8586,10194,1,1
WIG,WBA,3087,29,8528,8659,1,1
WOL,MUN,3088,29,8602,10260,0,5
AVL,WOL,3089,3,10252,8602,0,0
BLB,EVE,3090,3,8655,8668,0,1
CHE,NOR,3091,3,8455,9850,3,1
LIV,BOL,3092,3,8650,8559,3,1
MUN,ARS,3093,3,10260,9825,8,2
NEW,FUL,3094,3,10261,9879,2,1
SWA,SUN,3095,3,10003,8472,0,0
TOT,MCI,3096,3,8586,8456,1,5
WBA,STK,3097,3,8659,10194,0,1
WIG,QPR,3098,3,8528,10172,2,0
ARS,AVL,3099,30,9825,10252,3,0
BOL,BLB,3100,30,8559,8655,2,1
CHE,TOT,3101,30,8455,8586,0,0
LIV,WIG,3102,30,8650,8528,1,2
MUN,FUL,3103,30,10260,9879,1,0
NOR,WOL,3104,30,9850,8602,2,1
STK,MCI,3105,30,10194,8456,1,1
SUN,QPR,3106,30,8472,10172,3,1
SWA,EVE,3107,30,10003,8668,0,2
WBA,NEW,3108,30,8659,10261,1,3
AVL,CHE,3109,31,10252,8455,2,4
BLB,MUN,3110,31,8655,10260,0,2
EVE,WBA,3111,31,8668,8659,2,0
FUL,NOR,3112,31,9879,9850,2,1
MCI,SUN,3113,31,8456,8472,3,3
NEW,LIV,3114,31,10261,8650,2,0
QPR,ARS,3115,31,10172,9825,2,1
TOT,SWA,3116,31,8586,10003,3,1
WIG,STK,3117,31,8528,10194,2,0
WOL,BOL,3118,31,8602,8559,2,3
ARS,MCI,3119,32,9825,8456,1,0
BOL,FUL,3120,32,8559,9879,0,3
CHE,WIG,3121,32,8455,8528,2,1
LIV,AVL,3122,32,8650,10252,1,1
MUN,QPR,3123,32,10260,10172,2,0
NOR,EVE,3124,32,9850,8668,2,2
STK,WOL,3125,32,10194,8602,2,1
SUN,TOT,3126,32,8472,8586,0,0
SWA,NEW,3127,32,10003,10261,0,2
WBA,BLB,3128,32,8659,8655,3,0
AVL,STK,3129,33,10252,10194,1,1
BLB,LIV,3130,33,8655,8650,2,3
EVE,SUN,3131,33,8668,8472,4,0
FUL,CHE,3132,33,9879,8455,1,1
MCI,WBA,3133,33,8456,8659,4,0
NEW,BOL,3134,33,10261,8559,2,0
QPR,SWA,3135,33,10172,10003,3,0
TOT,NOR,3136,33,8586,9850,1,2
WIG,MUN,3137,33,8528,10260,1,0
WOL,ARS,3138,33,8602,9825,0,3
ARS,WIG,3139,34,9825,8528,1,2
BOL,TOT,3140,34,8559,8586,1,4
CHE,NEW,3141,34,8455,10261,0,2
LIV,FUL,3142,34,8650,9879,0,1
MUN,AVL,3143,34,10260,10252,4,0
NOR,MCI,3144,34,9850,8456,1,6
STK,EVE,3145,34,10194,8668,1,1
SUN,WOL,3146,34,8472,8602,0,0
SWA,BLB,3147,34,10003,8655,3,0
WBA,QPR,3148,34,8659,10172,1,0
ARS,CHE,3149,35,9825,8455,0,0
AVL,SUN,3150,35,10252,8472,0,0
BLB,NOR,3151,35,8655,9850,2,0
BOL,SWA,3152,35,8559,10003,1,1
FUL,WIG,3153,35,9879,8528,2,1
LIV,WBA,3154,35,8650,8659,0,1
MUN,EVE,3155,35,10260,8668,4,4
NEW,STK,3156,35,10261,10194,3,0
QPR,TOT,3157,35,10172,8586,1,0
WOL,MCI,3158,35,8602,8456,0,2
CHE,QPR,3159,36,8455,10172,6,1
EVE,FUL,3160,36,8668,9879,4,0
MCI,MUN,3161,36,8456,10260,1,0
NOR,LIV,3162,36,9850,8650,0,3
STK,ARS,3163,36,10194,9825,1,1
SUN,BOL,3164,36,8472,8559,2,2
SWA,WOL,3165,36,10003,8602,4,4
TOT,BLB,3166,36,8586,8655,2,0
WBA,AVL,3167,36,8659,10252,0,0
WIG,NEW,3168,36,8528,10261,4,0
ARS,NOR,3169,37,9825,9850,3,3
AVL,TOT,3170,37,10252,8586,1,1
BLB,WIG,3171,37,8655,8528,0,1
BOL,WBA,3172,37,8559,8659,2,2
FUL,SUN,3173,37,9879,8472,2,1
LIV,CHE,3174,37,8650,8455,4,1
MUN,SWA,3175,37,10260,10003,2,0
NEW,MCI,3176,37,10261,8456,0,2
QPR,STK,3177,37,10172,10194,1,0
WOL,EVE,3178,37,8602,8668,0,0
CHE,BLB,3179,38,8455,8655,2,1
EVE,NEW,3180,38,8668,10261,3,1
MCI,QPR,3181,38,8456,10172,3,2
NOR,AVL,3182,38,9850,10252,2,0
STK,BOL,3183,38,10194,8559,2,2
SUN,MUN,3184,38,8472,10260,0,1
SWA,LIV,3185,38,10003,8650,1,0
TOT,FUL,3186,38,8586,9879,2,0
WBA,ARS,3187,38,8659,9825,2,3
WIG,WOL,3188,38,8528,8602,3,2
ARS,SWA,3189,4,9825,10003,1,0
BOL,MUN,3190,4,8559,10260,0,5
EVE,AVL,3191,4,8668,10252,2,2
FUL,BLB,3192,4,9879,8655,1,1
MCI,WIG,3193,4,8456,8528,3,0
NOR,WBA,3194,4,9850,8659,0,1
QPR,NEW,3195,4,10172,10261,0,0
STK,LIV,3196,4,10194,8650,1,0
SUN,CHE,3197,4,8472,8455,1,2
WOL,TOT,3198,4,8602,8586,0,2
AVL,NEW,3199,5,10252,10261,1,1
BLB,ARS,3200,5,8655,9825,4,3
BOL,NOR,3201,5,8559,9850,1,2
EVE,WIG,3202,5,8668,8528,3,1
FUL,MCI,3203,5,9879,8456,2,2
MUN,CHE,3204,5,10260,8455,3,1
SUN,STK,3205,5,8472,10194,4,0
SWA,WBA,3206,5,10003,8659,3,0
TOT,LIV,3207,5,8586,8650,4,0
WOL,QPR,3208,5,8602,10172,0,3
ARS,BOL,3209,6,9825,8559,3,0
CHE,SWA,3210,6,8455,10003,4,1
LIV,WOL,3211,6,8650,8602,2,1
MCI,EVE,3212,6,8456,8668,2,0
NEW,BLB,3213,6,10261,8655,3,1
NOR,SUN,3214,6,9850,8472,2,1
QPR,AVL,3215,6,10172,10252,1,1
STK,MUN,3216,6,10194,10260,1,1
WBA,FUL,3217,6,8659,9879,0,0
WIG,TOT,3218,6,8528,8586,1,2
AVL,WIG,3219,7,10252,8528,2,0
BLB,MCI,3220,7,8655,8456,0,4
BOL,CHE,3221,7,8559,8455,1,5
EVE,LIV,3222,7,8668,8650,0,2
FUL,QPR,3223,7,9879,10172,6,0
MUN,NOR,3224,7,10260,9850,2,0
SUN,WBA,3225,7,8472,8659,2,2
SWA,STK,3226,7,10003,10194,2,0
TOT,ARS,3227,7,8586,9825,2,1
WOL,NEW,3228,7,8602,10261,1,2
ARS,SUN,3229,8,9825,8472,2,1
CHE,EVE,3230,8,8455,8668,3,1
LIV,MUN,3231,8,8650,10260,1,1
MCI,AVL,3232,8,8456,10252,4,1
NEW,TOT,3233,8,10261,8586,2,2
NOR,SWA,3234,8,9850,10003,3,1
QPR,BLB,3235,8,10172,8655,1,1
STK,FUL,3236,8,10194,9879,2,0
WBA,WOL,3237,8,8659,8602,2,0
WIG,BOL,3238,8,8528,8559,1,3
ARS,STK,3239,9,9825,10194,3,1
AVL,WBA,3240,9,10252,8659,1,2
BLB,TOT,3241,9,8655,8586,1,2
BOL,SUN,3242,9,8559,8472,0,2
FUL,EVE,3243,9,9879,8668,1,3
LIV,NOR,3244,9,8650,9850,1,1
MUN,MCI,3245,9,10260,8456,1,6
NEW,WIG,3246,9,10261,8528,1,0
QPR,CHE,3247,9,10172,8455,1,0
WOL,SWA,3248,9,8602,10003,2,2
ARS,SUN,3249,1,9825,8472,0,0
EVE,MUN,3250,1,8668,10260,1,0
FUL,NOR,3251,1,9879,9850,5,0
MCI,SOU,3252,1,8456,8466,3,2
NEW,TOT,3253,1,10261,8586,2,1
QPR,SWA,3254,1,10172,10003,0,5
REA,STK,3255,1,9798,10194,1,1
WBA,LIV,3256,1,8659,8650,3,0
WHU,AVL,3257,1,8654,10252,1,0
WIG,CHE,3258,1,8528,8455,0,2
FUL,EVE,3259,10,9879,8668,2,2
LIV,NEW,3260,10,8650,10261,1,1
MUN,ARS,3261,10,10260,9825,2,1
NOR,STK,3262,10,9850,10194,1,0
QPR,REA,3263,10,10172,9798,1,1
SUN,AVL,3264,10,8472,10252,0,1
SWA,CHE,3265,10,10003,8455,1,1
TOT,WIG,3266,10,8586,8528,0,1
WBA,SOU,3267,10,8659,8466,2,0
WHU,MCI,3268,10,8654,8456,0,0
ARS,FUL,3269,11,9825,9879,3,3
AVL,MUN,3270,11,10252,10260,2,3
CHE,LIV,3271,11,8455,8650,1,1
EVE,SUN,3272,11,8668,8472,2,1
MCI,TOT,3273,11,8456,8586,2,1
NEW,WHU,3274,11,10261,8654,0,1
REA,NOR,3275,11,9798,9850,0,0
SOU,SWA,3276,11,8466,10003,1,1
STK,QPR,3277,11,10194,10172,1,0
WIG,WBA,3278,11,8528,8659,1,2
ARS,TOT,3279,12,9825,8586,5,2
FUL,SUN,3280,12,9879,8472,1,3
LIV,WIG,3281,12,8650,8528,3,0
MCI,AVL,3282,12,8456,10252,5,0
NEW,SWA,3283,12,10261,10003,1,2
NOR,MUN,3284,12,9850,10260,1,0
QPR,SOU,3285,12,10172,8466,1,3
REA,EVE,3286,12,9798,8668,2,1
WBA,CHE,3287,12,8659,8455,2,1
WHU,STK,3288,12,8654,10194,1,1
AVL,ARS,3289,13,10252,9825,0,0
CHE,MCI,3290,13,8455,8456,0,0
EVE,NOR,3291,13,8668,9850,1,1
MUN,QPR,3292,13,10260,10172,3,1
SOU,NEW,3293,13,8466,10261,2,0
STK,FUL,3294,13,10194,9879,1,0
SUN,WBA,3295,13,8472,8659,2,4
SWA,LIV,3296,13,10003,8650,0,0
TOT,WHU,3297,13,8586,8654,3,1
WIG,REA,3298,13,8528,9798,3,2
AVL,REA,3299,14,10252,9798,1,0
MUN,WHU,3300,14,10260,8654,1,0
SOU,NOR,3301,14,8466,9850,1,1
STK,NEW,3302,14,10194,10261,2,1
SUN,QPR,3303,14,8472,10172,0,0
SWA,WBA,3304,14,10003,8659,3,1
TOT,LIV,3305,14,8586,8650,2,1
WIG,MCI,3306,14,8528,8456,0,2
CHE,FUL,3307,14,8455,9879,0,0
EVE,ARS,3308,14,8668,9825,1,1
ARS,SWA,3309,15,9825,10003,0,2
FUL,TOT,3310,15,9879,8586,0,3
LIV,SOU,3311,15,8650,8466,1,0
MCI,EVE,3312,15,8456,8668,1,1
NEW,WIG,3313,15,10261,8528,3,0
NOR,SUN,3314,15,9850,8472,2,1
QPR,AVL,3315,15,10172,10252,1,1
REA,MUN,3316,15,9798,10260,3,4
WBA,STK,3317,15,8659,10194,0,1
WHU,CHE,3318,15,8654,8455,3,1
ARS,WBA,3319,16,9825,8659,2,0
AVL,STK,3320,16,10252,10194,0,0
EVE,TOT,3321,16,8668,8586,2,1
FUL,NEW,3322,16,9879,10261,2,1
MCI,MUN,3323,16,8456,10260,2,3
SOU,REA,3324,16,8466,9798,1,0
SUN,CHE,3325,16,8472,8455,1,3
SWA,NOR,3326,16,10003,9850,3,4
WHU,LIV,3327,16,8654,8650,2,3
WIG,QPR,3328,16,8528,10172,2,2
CHE,SOU,3329,17,8455,8466,2,2
LIV,AVL,3330,17,8650,10252,1,3
MUN,SUN,3331,17,10260,8472,3,1
NEW,MCI,3332,17,10261,8456,1,3
NOR,WIG,3333,17,9850,8528,2,1
QPR,FUL,3334,17,10172,9879,2,1
REA,ARS,3335,17,9798,9825,2,5
STK,EVE,3336,17,10194,8668,1,1
TOT,SWA,3337,17,8586,10003,1,0
WBA,WHU,3338,17,8659,8654,0,0
CHE,AVL,3339,18,8455,10252,8,0
LIV,FUL,3340,18,8650,9879,4,0
MCI,REA,3341,18,8456,9798,1,0
NEW,QPR,3342,18,10261,10172,1,0
SOU,SUN,3343,18,8466,8472,0,1
SWA,MUN,3344,18,10003,10260,1,1
TOT,STK,3345,18,8586,10194,0,0
WBA,NOR,3346,18,8659,9850,2,1
WHU,EVE,3347,18,8654,8668,1,2
WIG,ARS,3348,18,8528,9825,0,1
ARS,WHU,3349,19,9825,8654,5,1
AVL,TOT,3350,19,10252,8586,0,4
EVE,WIG,3351,19,8668,8528,2,1
FUL,SOU,3352,19,9879,8466,1,1
MUN,NEW,3353,19,10260,10261,4,3
NOR,CHE,3354,19,9850,8455,0,1
QPR,WBA,3355,19,10172,8659,1,2
REA,SWA,3356,19,9798,10003,0,0
STK,LIV,3357,19,10194,8650,3,1
SUN,MCI,3358,19,8472,8456,1,0
AVL,EVE,3359,2,10252,8668,1,3
CHE,NEW,3360,2,8455,10261,2,0
LIV,MCI,3361,2,8650,8456,2,2
MUN,FUL,3362,2,10260,9879,3,2
NOR,QPR,3363,2,9850,10172,1,1
SOU,WIG,3364,2,8466,8528,0,2
STK,ARS,3365,2,10194,9825,0,0
SUN,REA,3366,2,8472,9798,3,0
SWA,WHU,3367,2,10003,8654,3,0
TOT,WBA,3368,2,8586,8659,1,1
ARS,NEW,3369,20,9825,10261,7,3
AVL,WIG,3370,20,10252,8528,0,3
EVE,CHE,3371,20,8668,8455,1,2
FUL,SWA,3372,20,9879,10003,1,2
MUN,WBA,3373,20,10260,8659,2,0
NOR,MCI,3374,20,9850,8456,3,4
QPR,LIV,3375,20,10172,8650,0,3
REA,WHU,3376,20,9798,8654,1,0
STK,SOU,3377,20,10194,8466,3,3
SUN,TOT,3378,20,8472,8586,1,2
CHE,QPR,3379,21,8455,10172,0,1
LIV,SUN,3380,21,8650,8472,3,0
MCI,STK,3381,21,8456,10194,3,0
NEW,EVE,3382,21,10261,8668,1,2
SOU,ARS,3383,21,8466,9825,1,1
SWA,AVL,3384,21,10003,10252,2,2
TOT,REA,3385,21,8586,9798,3,1
WBA,FUL,3386,21,8659,9879,1,2
WHU,NOR,3387,21,8654,9850,2,1
WIG,MUN,3388,21,8528,10260,0,4
ARS,MCI,3389,22,9825,8456,0,2
AVL,SOU,3390,22,10252,8466,0,1
EVE,SWA,3391,22,8668,10003,0,0
FUL,WIG,3392,22,9879,8528,1,1
MUN,LIV,3393,22,10260,8650,2,1
NOR,NEW,3394,22,9850,10261,0,0
QPR,TOT,3395,22,10172,8586,0,0
REA,WBA,3396,22,9798,8659,3,2
STK,CHE,3397,22,10194,8455,0,4
SUN,WHU,3398,22,8472,8654,3,0
CHE,ARS,3399,23,8455,9825,2,1
LIV,NOR,3400,23,8650,9850,5,0
MCI,FUL,3401,23,8456,9879,2,0
NEW,REA,3402,23,10261,9798,1,2
SOU,EVE,3403,23,8466,8668,0,0
SWA,STK,3404,23,10003,10194,3,1
TOT,MUN,3405,23,8586,10260,1,1
WBA,AVL,3406,23,8659,10252,2,2
WHU,QPR,3407,23,8654,10172,1,1
WIG,SUN,3408,23,8528,8472,2,3
ARS,LIV,3409,24,9825,8650,2,2
AVL,NEW,3410,24,10252,10261,1,2
MUN,SOU,3411,24,10260,8466,2,1
NOR,TOT,3412,24,9850,8586,1,1
QPR,MCI,3413,24,10172,8456,0,0
REA,CHE,3414,24,9798,8455,2,2
STK,WIG,3415,24,10194,8528,2,2
SUN,SWA,3416,24,8472,10003,0,0
EVE,WBA,3417,24,8668,8659,2,1
FUL,WHU,3418,24,9879,8654,3,1
ARS,STK,3419,25,9825,10194,1,0
EVE,AVL,3420,25,8668,10252,3,3
FUL,MUN,3421,25,9879,10260,0,1
MCI,LIV,3422,25,8456,8650,2,2
NEW,CHE,3423,25,10261,8455,3,2
QPR,NOR,3424,25,10172,9850,0,0
REA,SUN,3425,25,9798,8472,2,1
WBA,TOT,3426,25,8659,8586,0,1
WHU,SWA,3427,25,8654,10003,1,0
WIG,SOU,3428,25,8528,8466,2,2
AVL,WHU,3429,26,10252,8654,2,1
CHE,WIG,3430,26,8455,8528,4,1
LIV,WBA,3431,26,8650,8659,0,2
MUN,EVE,3432,26,10260,8668,2,0
NOR,FUL,3433,26,9850,9879,0,0
SOU,MCI,3434,26,8466,8456,3,1
STK,REA,3435,26,10194,9798,2,1
SUN,ARS,3436,26,8472,9825,0,1
SWA,QPR,3437,26,10003,10172,4,1
TOT,NEW,3438,26,8586,10261,2,1
ARS,AVL,3439,27,9825,10252,2,1
FUL,STK,3440,27,9879,10194,1,0
LIV,SWA,3441,27,8650,10003,5,0
MCI,CHE,3442,27,8456,8455,2,0
NEW,SOU,3443,27,10261,8466,4,2
NOR,EVE,3444,27,9850,8668,2,1
QPR,MUN,3445,27,10172,10260,0,2
REA,WIG,3446,27,9798,8528,0,3
WBA,SUN,3447,27,8659,8472,2,1
WHU,TOT,3448,27,8654,8586,2,3
AVL,MCI,3449,28,10252,8456,0,1
CHE,WBA,3450,28,8455,8659,1,0
EVE,REA,3451,28,8668,9798,3,1
MUN,NOR,3452,28,10260,9850,4,0
SOU,QPR,3453,28,8466,10172,1,2
STK,WHU,3454,28,10194,8654,0,1
SUN,FUL,3455,28,8472,9879,2,2
SWA,NEW,3456,28,10003,10261,1,0
TOT,ARS,3457,28,8586,9825,2,1
WIG,LIV,3458,28,8528,8650,0,4
ARS,EVE,3459,29,9825,8668,0,0
FUL,CHE,3460,29,9879,8455,0,3
LIV,TOT,3461,29,8650,8586,3,2
MCI,WIG,3462,29,8456,8528,1,0
NEW,STK,3463,29,10261,10194,2,1
NOR,SOU,3464,29,9850,8466,0,0
QPR,SUN,3465,29,10172,8472,3,1
REA,AVL,3466,29,9798,10252,1,2
WBA,SWA,3467,29,8659,10003,2,1
WHU,MUN,3468,29,8654,10260,2,2
CHE,REA,3469,3,8455,9798,4,2
LIV,ARS,3470,3,8650,9825,0,2
MCI,QPR,3471,3,8456,10172,3,1
NEW,AVL,3472,3,10261,10252,1,1
SOU,MUN,3473,3,8466,10260,2,3
SWA,SUN,3474,3,10003,8472,2,2
TOT,NOR,3475,3,8586,9850,1,1
WBA,EVE,3476,3,8659,8668,2,0
WHU,FUL,3477,3,8654,9879,3,0
WIG,STK,3478,3,8528,10194,2,2
AVL,QPR,3479,30,10252,10172,3,2
CHE,WHU,3480,30,8455,8654,2,0
EVE,MCI,3481,30,8668,8456,2,0
MUN,REA,3482,30,10260,9798,1,0
SOU,LIV,3483,30,8466,8650,3,1
STK,WBA,3484,30,10194,8659,0,0
SUN,NOR,3485,30,8472,9850,1,1
SWA,ARS,3486,30,10003,9825,0,2
TOT,FUL,3487,30,8586,9879,0,1
WIG,NEW,3488,30,8528,10261,2,1
ARS,REA,3489,31,9825,9798,4,1
AVL,LIV,3490,31,10252,8650,1,2
EVE,STK,3491,31,8668,10194,1,0
FUL,QPR,3492,31,9879,10172,3,2
MCI,NEW,3493,31,8456,10261,4,0
SOU,CHE,3494,31,8466,8455,2,1
SUN,MUN,3495,31,8472,10260,0,1
SWA,TOT,3496,31,10003,8586,1,2
WHU,WBA,3497,31,8654,8659,3,1
WIG,NOR,3498,31,8528,9850,1,0
CHE,SUN,3499,32,8455,8472,2,1
LIV,WHU,3500,32,8650,8654,0,0
MUN,MCI,3501,32,10260,8456,1,2
NEW,FUL,3502,32,10261,9879,1,0
NOR,SWA,3503,32,9850,10003,2,2
QPR,WIG,3504,32,10172,8528,1,1
REA,SOU,3505,32,9798,8466,0,2
STK,AVL,3506,32,10194,10252,1,3
TOT,EVE,3507,32,8586,8668,2,2
WBA,ARS,3508,32,8659,9825,1,2
ARS,NOR,3509,33,9825,9850,3,1
AVL,FUL,3510,33,10252,9879,1,1
CHE,TOT,3511,33,8455,8586,2,2
EVE,QPR,3512,33,8668,10172,2,0
MCI,WBA,3513,33,8456,8659,1,0
NEW,SUN,3514,33,10261,8472,0,3
REA,LIV,3515,33,9798,8650,0,0
SOU,WHU,3516,33,8466,8654,1,1
STK,MUN,3517,33,10194,10260,0,2
WIG,SWA,3518,33,8528,10003,2,3
FUL,ARS,3519,34,9879,9825,0,1
LIV,CHE,3520,34,8650,8455,2,2
MUN,AVL,3521,34,10260,10252,3,0
NOR,REA,3522,34,9850,9798,2,1
QPR,STK,3523,34,10172,10194,0,2
SUN,EVE,3524,34,8472,8668,1,0
SWA,SOU,3525,34,10003,8466,0,0
TOT,MCI,3526,34,8586,8456,3,1
WBA,NEW,3527,34,8659,10261,1,1
WHU,WIG,3528,34,8654,8528,2,0
ARS,MUN,3529,35,9825,10260,1,1
AVL,SUN,3530,35,10252,8472,6,1
CHE,SWA,3531,35,8455,10003,2,0
EVE,FUL,3532,35,8668,9879,1,0
MCI,WHU,3533,35,8456,8654,2,1
NEW,LIV,3534,35,10261,8650,0,6
REA,QPR,3535,35,9798,10172,0,0
SOU,WBA,3536,35,8466,8659,0,3
STK,NOR,3537,35,10194,9850,1,0
WIG,TOT,3538,35,8528,8586,2,2
FUL,REA,3539,36,9879,9798,2,4
LIV,EVE,3540,36,8650,8668,0,0
MUN,CHE,3541,36,10260,8455,0,1
NOR,AVL,3542,36,9850,10252,1,2
QPR,ARS,3543,36,10172,9825,0,1
SUN,STK,3544,36,8472,10194,1,1
SWA,MCI,3545,36,10003,8456,0,0
TOT,SOU,3546,36,8586,8466,1,0
WBA,WIG,3547,36,8659,8528,2,3
WHU,NEW,3548,36,8654,10261,0,0
ARS,WIG,3549,37,9825,8528,4,1
AVL,CHE,3550,37,10252,8455,1,2
EVE,WHU,3551,37,8668,8654,2,0
FUL,LIV,3552,37,9879,8650,1,3
MUN,SWA,3553,37,10260,10003,2,1
NOR,WBA,3554,37,9850,8659,4,0
QPR,NEW,3555,37,10172,10261,1,2
REA,MCI,3556,37,9798,8456,0,2
STK,TOT,3557,37,10194,8586,1,2
SUN,SOU,3558,37,8472,8466,1,1
CHE,EVE,3559,38,8455,8668,2,1
LIV,QPR,3560,38,8650,10172,1,0
MCI,NOR,3561,38,8456,9850,2,3
NEW,ARS,3562,38,10261,9825,0,1
SOU,STK,3563,38,8466,10194,1,1
SWA,FUL,3564,38,10003,9879,0,3
TOT,SUN,3565,38,8586,8472,1,0
WBA,MUN,3566,38,8659,10260,5,5
WHU,REA,3567,38,8654,9798,4,2
WIG,AVL,3568,38,8528,10252,2,2
ARS,SOU,3569,4,9825,8466,6,1
AVL,SWA,3570,4,10252,10003,2,0
EVE,NEW,3571,4,8668,10261,2,2
FUL,WBA,3572,4,9879,8659,3,0
MUN,WIG,3573,4,10260,8528,4,0
NOR,WHU,3574,4,9850,8654,0,0
QPR,CHE,3575,4,10172,8455,0,0
REA,TOT,3576,4,9798,8586,1,3
STK,MCI,3577,4,10194,8456,1,1
SUN,LIV,3578,4,8472,8650,1,1
CHE,STK,3579,5,8455,10194,1,0
LIV,MUN,3580,5,8650,10260,1,2
MCI,ARS,3581,5,8456,9825,1,1
NEW,NOR,3582,5,10261,9850,1,0
SOU,AVL,3583,5,8466,10252,4,1
SWA,EVE,3584,5,10003,8668,0,3
TOT,QPR,3585,5,8586,10172,2,1
WBA,REA,3586,5,8659,9798,1,0
WHU,SUN,3587,5,8654,8472,1,1
WIG,FUL,3588,5,8528,9879,1,2
ARS,CHE,3589,6,9825,8455,1,2
AVL,WBA,3590,6,10252,8659,1,1
EVE,SOU,3591,6,8668,8466,3,1
FUL,MCI,3592,6,9879,8456,1,2
MUN,TOT,3593,6,10260,8586,2,3
NOR,LIV,3594,6,9850,8650,2,5
QPR,WHU,3595,6,10172,8654,1,2
REA,NEW,3596,6,9798,10261,2,2
STK,SWA,3597,6,10194,10003,2,0
SUN,WIG,3598,6,8472,8528,1,0
CHE,NOR,3599,7,8455,9850,4,1
LIV,STK,3600,7,8650,10194,0,0
MCI,SUN,3601,7,8456,8472,3,0
NEW,MUN,3602,7,10261,10260,0,3
SOU,FUL,3603,7,8466,9879,2,2
SWA,REA,3604,7,10003,9798,2,2
TOT,AVL,3605,7,8586,10252,2,0
WBA,QPR,3606,7,8659,10172,3,2
WHU,ARS,3607,7,8654,9825,1,3
WIG,EVE,3608,7,8528,8668,2,2
FUL,AVL,3609,8,9879,10252,1,0
LIV,REA,3610,8,8650,9798,1,0
MUN,STK,3611,8,10260,10194,4,2
NOR,ARS,3612,8,9850,9825,1,0
QPR,EVE,3613,8,10172,8668,1,1
SUN,NEW,3614,8,8472,10261,1,1
SWA,WIG,3615,8,10003,8528,2,1
TOT,CHE,3616,8,8586,8455,2,4
WBA,MCI,3617,8,8659,8456,1,2
WHU,SOU,3618,8,8654,8466,4,1
ARS,QPR,3619,9,9825,10172,1,0
AVL,NOR,3620,9,10252,9850,1,1
CHE,MUN,3621,9,8455,10260,2,3
EVE,LIV,3622,9,8668,8650,2,2
MCI,SWA,3623,9,8456,10003,1,0
NEW,WBA,3624,9,10261,8659,2,1
REA,FUL,3625,9,9798,9879,3,3
SOU,TOT,3626,9,8466,8586,1,2
STK,SUN,3627,9,10194,8472,0,0
WIG,WHU,3628,9,8528,8654,2,1
ARS,AVL,3629,1,9825,10252,1,3
CHE,HUL,3630,1,8455,8667,2,0
CRY,TOT,3631,1,9826,8586,0,1
LIV,STK,3632,1,8650,10194,1,0
MCI,NEW,3633,1,8456,10261,4,0
NOR,EVE,3634,1,9850,8668,2,2
SUN,FUL,3635,1,8472,9879,0,1
SWA,MUN,3636,1,10003,10260,1,4
WBA,SOU,3637,1,8659,8466,0,1
WHU,CAR,3638,1,8654,8344,2,0
ARS,LIV,3639,10,9825,8650,2,0
CAR,SWA,3640,10,8344,10003,1,0
EVE,TOT,3641,10,8668,8586,0,0
FUL,MUN,3642,10,9879,10260,1,3
HUL,SUN,3643,10,8667,8472,1,0
MCI,NOR,3644,10,8456,9850,7,0
NEW,CHE,3645,10,10261,8455,2,0
STK,SOU,3646,10,10194,8466,1,1
WBA,CRY,3647,10,8659,9826,2,0
WHU,AVL,3648,10,8654,10252,0,0
AVL,CAR,3649,11,10252,8344,2,0
CHE,WBA,3650,11,8455,8659,2,2
CRY,EVE,3651,11,9826,8668,0,0
LIV,FUL,3652,11,8650,9879,4,0
MUN,ARS,3653,11,10260,9825,1,0
NOR,WHU,3654,11,9850,8654,3,1
SOU,HUL,3655,11,8466,8667,4,1
SUN,MCI,3656,11,8472,8456,1,0
SWA,STK,3657,11,10003,10194,3,3
TOT,NEW,3658,11,8586,10261,0,1
ARS,SOU,3659,12,9825,8466,2,0
CAR,MUN,3660,12,8344,10260,2,2
EVE,LIV,3661,12,8668,8650,3,3
FUL,SWA,3662,12,9879,10003,1,2
HUL,CRY,3663,12,8667,9826,0,1
MCI,TOT,3664,12,8456,8586,6,0
NEW,NOR,3665,12,10261,9850,2,1
STK,SUN,3666,12,10194,8472,2,0
WBA,AVL,3667,12,8659,10252,2,2
WHU,CHE,3668,12,8654,8455,0,3
AVL,SUN,3669,13,10252,8472,0,0
CAR,ARS,3670,13,8344,9825,0,3
CHE,SOU,3671,13,8455,8466,3,1
EVE,STK,3672,13,8668,10194,4,0
HUL,LIV,3673,13,8667,8650,3,1
MCI,SWA,3674,13,8456,10003,3,0
NEW,WBA,3675,13,10261,8659,2,1
NOR,CRY,3676,13,9850,9826,1,0
TOT,MUN,3677,13,8586,10260,2,2
WHU,FUL,3678,13,8654,9879,3,0
ARS,HUL,3679,14,9825,8667,2,0
LIV,NOR,3680,14,8650,9850,5,1
MUN,EVE,3681,14,10260,8668,0,1
SOU,AVL,3682,14,8466,10252,2,3
STK,CAR,3683,14,10194,8344,0,0
SUN,CHE,3684,14,8472,8455,3,4
SWA,NEW,3685,14,10003,10261,3,0
WBA,MCI,3686,14,8659,8456,2,3
FUL,TOT,3687,14,9879,8586,1,2
CRY,WHU,3688,14,9826,8654,1,0
ARS,EVE,3689,15,9825,8668,1,1
CRY,CAR,3690,15,9826,8344,2,0
FUL,AVL,3691,15,9879,10252,2,0
LIV,WHU,3692,15,8650,8654,4,1
MUN,NEW,3693,15,10260,10261,0,1
SOU,MCI,3694,15,8466,8456,1,1
STK,CHE,3695,15,10194,8455,3,2
SUN,TOT,3696,15,8472,8586,1,2
SWA,HUL,3697,15,10003,8667,1,1
WBA,NOR,3698,15,8659,9850,0,2
AVL,MUN,3699,16,10252,10260,0,3
CAR,WBA,3700,16,8344,8659,1,0
CHE,CRY,3701,16,8455,9826,2,1
EVE,FUL,3702,16,8668,9879,4,1
HUL,STK,3703,16,8667,10194,0,0
MCI,ARS,3704,16,8456,9825,6,3
NEW,SOU,3705,16,10261,8466,1,1
NOR,SWA,3706,16,9850,10003,1,1
TOT,LIV,3707,16,8586,8650,0,5
WHU,SUN,3708,16,8654,8472,0,0
ARS,CHE,3709,17,9825,8455,0,0
CRY,NEW,3710,17,9826,10261,0,3
FUL,MCI,3711,17,9879,8456,2,4
LIV,CAR,3712,17,8650,8344,3,1
MUN,WHU,3713,17,10260,8654,3,1
SOU,TOT,3714,17,8466,8586,2,3
STK,AVL,3715,17,10194,10252,2,1
SUN,NOR,3716,17,8472,9850,0,0
SWA,EVE,3717,17,10003,8668,1,2
WBA,HUL,3718,17,8659,8667,1,1
AVL,CRY,3719,18,10252,9826,0,1
CAR,SOU,3720,18,8344,8466,0,3
CHE,SWA,3721,18,8455,10003,1,0
EVE,SUN,3722,18,8668,8472,0,1
HUL,MUN,3723,18,8667,10260,2,3
MCI,LIV,3724,18,8456,8650,2,1
NEW,STK,3725,18,10261,10194,5,1
NOR,FUL,3726,18,9850,9879,1,2
TOT,WBA,3727,18,8586,8659,1,1
WHU,ARS,3728,18,8654,9825,1,3
AVL,SWA,3729,19,10252,10003,1,1
CAR,SUN,3730,19,8344,8472,2,2
CHE,LIV,3731,19,8455,8650,2,1
EVE,SOU,3732,19,8668,8466,2,1
HUL,FUL,3733,19,8667,9879,6,0
MCI,CRY,3734,19,8456,9826,1,0
NEW,ARS,3735,19,10261,9825,0,1
NOR,MUN,3736,19,9850,10260,0,1
TOT,STK,3737,19,8586,10194,3,0
WHU,WBA,3738,19,8654,8659,3,3
AVL,LIV,3739,2,10252,8650,0,1
CAR,MCI,3740,2,8344,8456,3,2
EVE,WBA,3741,2,8668,8659,0,0
FUL,ARS,3742,2,9879,9825,1,3
HUL,NOR,3743,2,8667,9850,1,0
MUN,CHE,3744,2,10260,8455,0,0
NEW,WHU,3745,2,10261,8654,0,0
SOU,SUN,3746,2,8466,8472,1,1
STK,CRY,3747,2,10194,9826,2,1
TOT,SWA,3748,2,8586,10003,1,0
ARS,CAR,3749,20,9825,8344,2,0
CRY,NOR,3750,20,9826,9850,1,1
FUL,WHU,3751,20,9879,8654,2,1
LIV,HUL,3752,20,8650,8667,2,0
MUN,TOT,3753,20,10260,8586,1,2
SOU,CHE,3754,20,8466,8455,0,3
STK,EVE,3755,20,10194,8668,1,1
SUN,AVL,3756,20,8472,10252,0,1
SWA,MCI,3757,20,10003,8456,2,3
WBA,NEW,3758,20,8659,10261,1,0
AVL,ARS,3759,21,10252,9825,1,2
CAR,WHU,3760,21,8344,8654,0,2
EVE,NOR,3761,21,8668,9850,2,0
FUL,SUN,3762,21,9879,8472,1,4
HUL,CHE,3763,21,8667,8455,0,2
MUN,SWA,3764,21,10260,10003,2,0
NEW,MCI,3765,21,10261,8456,0,2
SOU,WBA,3766,21,8466,8659,1,0
STK,LIV,3767,21,10194,8650,3,5
TOT,CRY,3768,21,8586,9826,2,0
ARS,FUL,3769,22,9825,9879,2,0
CHE,MUN,3770,22,8455,10260,3,1
CRY,STK,3771,22,9826,10194,1,0
LIV,AVL,3772,22,8650,10252,2,2
MCI,CAR,3773,22,8456,8344,4,2
NOR,HUL,3774,22,9850,8667,1,0
SUN,SOU,3775,22,8472,8466,2,2
SWA,TOT,3776,22,10003,8586,1,3
WBA,EVE,3777,22,8659,8668,1,1
WHU,NEW,3778,22,8654,10261,1,3
AVL,WBA,3779,23,10252,8659,4,3
CRY,HUL,3780,23,9826,8667,1,0
LIV,EVE,3781,23,8650,8668,4,0
MUN,CAR,3782,23,10260,8344,2,0
NOR,NEW,3783,23,9850,10261,0,0
SOU,ARS,3784,23,8466,9825,2,2
SUN,STK,3785,23,8472,10194,1,0
SWA,FUL,3786,23,10003,9879,2,0
CHE,WHU,3787,23,8455,8654,0,0
TOT,MCI,3788,23,8586,8456,1,5
ARS,CRY,3789,24,9825,9826,2,0
CAR,NOR,3790,24,8344,9850,2,1
EVE,AVL,3791,24,8668,10252,2,1
FUL,SOU,3792,24,9879,8466,0,3
HUL,TOT,3793,24,8667,8586,1,1
MCI,CHE,3794,24,8456,8455,0,1
NEW,SUN,3795,24,10261,8472,0,3
STK,MUN,3796,24,10194,10260,2,1
WBA,LIV,3797,24,8659,8650,1,1
WHU,SWA,3798,24,8654,10003,2,0
CRY,WBA,3799,25,9826,8659,3,1
AVL,WHU,3800,25,10252,8654,0,2
CHE,NEW,3801,25,8455,10261,3,0
LIV,ARS,3802,25,8650,9825,5,1
MUN,FUL,3803,25,10260,9879,2,2
NOR,MCI,3804,25,9850,8456,0,0
SOU,STK,3805,25,8466,10194,2,2
SUN,HUL,3806,25,8472,8667,0,2
SWA,CAR,3807,25,10003,8344,3,0
TOT,EVE,3808,25,8586,8668,1,0
ARS,MUN,3809,26,9825,10260,0,0
CAR,AVL,3810,26,8344,10252,0,0
HUL,SOU,3811,26,8667,8466,0,1
STK,SWA,3812,26,10194,10003,1,1
WBA,CHE,3813,26,8659,8455,1,1
WHU,NOR,3814,26,8654,9850,2,0
EVE,CRY,3815,26,8668,9826,2,3
FUL,LIV,3816,26,9879,8650,2,3
MCI,SUN,3817,26,8456,8472,2,2
NEW,TOT,3818,26,10261,8586,0,4
ARS,SUN,3819,27,9825,8472,4,1
CAR,HUL,3820,27,8344,8667,0,4
CHE,EVE,3821,27,8455,8668,1,0
CRY,MUN,3822,27,9826,10260,0,2
LIV,SWA,3823,27,8650,10003,4,3
MCI,STK,3824,27,8456,10194,1,0
NEW,AVL,3825,27,10261,10252,1,0
NOR,TOT,3826,27,9850,8586,1,0
WBA,FUL,3827,27,8659,9879,1,1
WHU,SOU,3828,27,8654,8466,3,1
AVL,NOR,3829,28,10252,9850,4,1
EVE,WHU,3830,28,8668,8654,1,0
FUL,CHE,3831,28,9879,8455,1,3
HUL,NEW,3832,28,8667,10261,1,4
MUN,MCI,3833,28,10260,8456,0,3
SOU,LIV,3834,28,8466,8650,0,3
STK,ARS,3835,28,10194,9825,1,0
SUN,WBA,3836,28,8472,8659,2,0
SWA,CRY,3837,28,10003,9826,1,1
TOT,CAR,3838,28,8586,8344,1,0
ARS,SWA,3839,29,9825,10003,2,2
CAR,FUL,3840,29,8344,9879,3,1
CHE,TOT,3841,29,8455,8586,4,0
CRY,SOU,3842,29,9826,8466,0,1
LIV,SUN,3843,29,8650,8472,2,1
MCI,AVL,3844,29,8456,10252,4,0
NEW,EVE,3845,29,10261,8668,0,3
NOR,STK,3846,29,9850,10194,1,1
WBA,MUN,3847,29,8659,10260,0,3
WHU,HUL,3848,29,8654,8667,2,1
ARS,TOT,3849,3,9825,8586,1,0
CAR,EVE,3850,3,8344,8668,0,0
CHE,AVL,3851,3,8455,10252,2,1
CRY,SUN,3852,3,9826,8472,3,1
LIV,MUN,3853,3,8650,10260,1,0
MCI,HUL,3854,3,8456,8667,2,0
NEW,FUL,3855,3,10261,9879,1,0
NOR,SOU,3856,3,9850,8466,1,0
WBA,SWA,3857,3,8659,10003,0,2
WHU,STK,3858,3,8654,10194,0,1
SWA,WBA,3859,30,10003,8659,1,2
AVL,CHE,3860,30,10252,8455,1,0
EVE,CAR,3861,30,8668,8344,2,1
FUL,NEW,3862,30,9879,10261,1,0
HUL,MCI,3863,30,8667,8456,0,2
MUN,LIV,3864,30,10260,8650,0,3
SOU,NOR,3865,30,8466,9850,4,2
STK,WHU,3866,30,10194,8654,3,1
SUN,CRY,3867,30,8472,9826,0,0
TOT,ARS,3868,30,8586,9825,0,1
AVL,STK,3869,31,10252,10194,1,4
CAR,LIV,3870,31,8344,8650,3,6
CHE,ARS,3871,31,8455,9825,6,0
EVE,SWA,3872,31,8668,10003,3,2
HUL,WBA,3873,31,8667,8659,2,0
MCI,FUL,3874,31,8456,9879,5,0
NEW,CRY,3875,31,10261,9826,1,0
NOR,SUN,3876,31,9850,8472,2,0
TOT,SOU,3877,31,8586,8466,3,2
WHU,MUN,3878,31,8654,10260,0,2
ARS,MCI,3879,32,9825,8456,1,1
CRY,CHE,3880,32,9826,8455,1,0
FUL,EVE,3881,32,9879,8668,1,3
LIV,TOT,3882,32,8650,8586,4,0
MUN,AVL,3883,32,10260,10252,4,1
SOU,NEW,3884,32,8466,10261,4,0
STK,HUL,3885,32,10194,8667,1,0
SUN,WHU,3886,32,8472,8654,1,2
SWA,NOR,3887,32,10003,9850,3,0
WBA,CAR,3888,32,8659,8344,3,3
AVL,FUL,3889,33,10252,9879,1,2
CAR,CRY,3890,33,8344,9826,0,3
CHE,STK,3891,33,8455,10194,3,0
EVE,ARS,3892,33,8668,9825,3,0
HUL,SWA,3893,33,8667,10003,1,0
MCI,SOU,3894,33,8456,8466,4,1
NEW,MUN,3895,33,10261,10260,0,4
NOR,WBA,3896,33,9850,8659,0,1
TOT,SUN,3897,33,8586,8472,5,1
WHU,LIV,3898,33,8654,8650,1,2
ARS,WHU,3899,34,9825,8654,3,1
CRY,AVL,3900,34,9826,10252,1,0
FUL,NOR,3901,34,9879,9850,1,0
LIV,MCI,3902,34,8650,8456,3,2
MUN,HUL,3903,34,10260,8667,3,1
SOU,CAR,3904,34,8466,8344,0,1
STK,NEW,3905,34,10194,10261,1,0
SUN,EVE,3906,34,8472,8668,0,1
SWA,CHE,3907,34,10003,8455,0,1
WBA,TOT,3908,34,8659,8586,3,3
AVL,SOU,3909,35,10252,8466,0,0
CAR,STK,3910,35,8344,10194,1,1
CHE,SUN,3911,35,8455,8472,1,2
EVE,MUN,3912,35,8668,10260,2,0
HUL,ARS,3913,35,8667,9825,0,3
MCI,WBA,3914,35,8456,8659,3,1
NEW,SWA,3915,35,10261,10003,1,2
NOR,LIV,3916,35,9850,8650,2,3
TOT,FUL,3917,35,8586,9879,3,1
WHU,CRY,3918,35,8654,9826,0,1
ARS,NEW,3919,36,9825,10261,3,0
CRY,MCI,3920,36,9826,8456,0,2
FUL,HUL,3921,36,9879,8667,2,2
LIV,CHE,3922,36,8650,8455,0,2
MUN,NOR,3923,36,10260,9850,4,0
SOU,EVE,3924,36,8466,8668,2,0
STK,TOT,3925,36,10194,8586,0,1
SUN,CAR,3926,36,8472,8344,4,0
SWA,AVL,3927,36,10003,10252,4,1
WBA,WHU,3928,36,8659,8654,1,0
ARS,WBA,3929,37,9825,8659,1,0
AVL,HUL,3930,37,10252,8667,3,1
CHE,NOR,3931,37,8455,9850,0,0
CRY,LIV,3932,37,9826,8650,3,3
EVE,MCI,3933,37,8668,8456,2,3
MUN,SUN,3934,37,10260,8472,0,1
NEW,CAR,3935,37,10261,8344,3,0
STK,FUL,3936,37,10194,9879,4,1
SWA,SOU,3937,37,10003,8466,0,1
WHU,TOT,3938,37,8654,8586,2,0
CAR,CHE,3939,38,8344,8455,1,2
FUL,CRY,3940,38,9879,9826,2,2
HUL,EVE,3941,38,8667,8668,0,2
LIV,NEW,3942,38,8650,10261,2,1
MCI,WHU,3943,38,8456,8654,2,0
NOR,ARS,3944,38,9850,9825,0,2
SOU,MUN,3945,38,8466,10260,1,1
SUN,SWA,3946,38,8472,10003,1,3
TOT,AVL,3947,38,8586,10252,3,0
WBA,STK,3948,38,8659,10194,1,2
AVL,NEW,3949,4,10252,10261,1,2
EVE,CHE,3950,4,8668,8455,1,0
FUL,WBA,3951,4,9879,8659,1,1
HUL,CAR,3952,4,8667,8344,1,1
MUN,CRY,3953,4,10260,9826,2,0
SOU,WHU,3954,4,8466,8654,0,0
STK,MCI,3955,4,10194,8456,0,0
SUN,ARS,3956,4,8472,9825,1,3
SWA,LIV,3957,4,10003,8650,2,2
TOT,NOR,3958,4,8586,9850,2,0
ARS,STK,3959,5,9825,10194,3,1
CAR,TOT,3960,5,8344,8586,0,1
CHE,FUL,3961,5,8455,9879,2,0
CRY,SWA,3962,5,9826,10003,0,2
LIV,SOU,3963,5,8650,8466,0,1
MCI,MUN,3964,5,8456,10260,4,1
NEW,HUL,3965,5,10261,8667,2,3
NOR,AVL,3966,5,9850,10252,0,1
WBA,SUN,3967,5,8659,8472,3,0
WHU,EVE,3968,5,8654,8668,2,3
AVL,MCI,3969,6,10252,8456,3,2
EVE,NEW,3970,6,8668,10261,3,2
FUL,CAR,3971,6,9879,8344,1,2
HUL,WHU,3972,6,8667,8654,1,0
MUN,WBA,3973,6,10260,8659,1,2
SOU,CRY,3974,6,8466,9826,2,0
STK,NOR,3975,6,10194,9850,0,1
SUN,LIV,3976,6,8472,8650,1,3
SWA,ARS,3977,6,10003,9825,1,2
TOT,CHE,3978,6,8586,8455,1,1
CAR,NEW,3979,7,8344,10261,1,2
FUL,STK,3980,7,9879,10194,1,0
HUL,AVL,3981,7,8667,10252,0,0
LIV,CRY,3982,7,8650,9826,3,1
MCI,EVE,3983,7,8456,8668,3,1
NOR,CHE,3984,7,9850,8455,1,3
SOU,SWA,3985,7,8466,10003,2,0
SUN,MUN,3986,7,8472,10260,1,2
TOT,WHU,3987,7,8586,8654,0,3
WBA,ARS,3988,7,8659,9825,1,1
ARS,NOR,3989,8,9825,9850,4,1
AVL,TOT,3990,8,10252,8586,0,2
CHE,CAR,3991,8,8455,8344,4,1
CRY,FUL,3992,8,9826,9879,1,4
EVE,HUL,3993,8,8668,8667,2,1
MUN,SOU,3994,8,10260,8466,1,1
NEW,LIV,3995,8,10261,8650,2,2
STK,WBA,3996,8,10194,8659,0,0
SWA,SUN,3997,8,10003,8472,4,0
WHU,MCI,3998,8,8654,8456,1,3
AVL,EVE,3999,9,10252,8668,0,2
CHE,MCI,4000,9,8455,8456,2,1
CRY,ARS,4001,9,9826,9825,0,2
LIV,WBA,4002,9,8650,8659,4,1
MUN,STK,4003,9,10260,10194,3,2
NOR,CAR,4004,9,9850,8344,0,0
SOU,FUL,4005,9,8466,9879,2,0
SUN,NEW,4006,9,8472,10261,2,1
TOT,HUL,4007,9,8586,8667,1,0
SWA,WHU,4008,9,10003,8654,0,0
ARS,CRY,4009,1,9825,9826,2,1
BUR,CHE,4010,1,8191,8455,1,3
LEI,EVE,4011,1,8197,8668,2,2
LIV,SOU,4012,1,8650,8466,2,1
MUN,SWA,4013,1,10260,10003,1,2
NEW,MCI,4014,1,10261,8456,0,2
QPR,HUL,4015,1,10172,8667,0,1
STK,AVL,4016,1,10194,10252,0,1
WBA,SUN,4017,1,8659,8472,2,2
WHU,TOT,4018,1,8654,8586,0,1
ARS,BUR,4019,10,9825,8191,3,0
AVL,TOT,4020,10,10252,8586,1,2
CHE,QPR,4021,10,8455,10172,2,1
CRY,SUN,4022,10,9826,8472,1,3
EVE,SWA,4023,10,8668,10003,0,0
HUL,SOU,4024,10,8667,8466,0,1
LEI,WBA,4025,10,8197,8659,0,1
MCI,MUN,4026,10,8456,10260,1,0
NEW,LIV,4027,10,10261,8650,1,0
STK,WHU,4028,10,10194,8654,2,2
BUR,HUL,4029,11,8191,8667,1,0
LIV,CHE,4030,11,8650,8455,1,2
MUN,CRY,4031,11,10260,9826,1,0
QPR,MCI,4032,11,10172,8456,2,2
SOU,LEI,4033,11,8466,8197,2,0
SUN,EVE,4034,11,8472,8668,1,1
SWA,ARS,4035,11,10003,9825,2,1
TOT,STK,4036,11,8586,10194,1,2
WBA,NEW,4037,11,8659,10261,0,2
WHU,AVL,4038,11,8654,10252,0,0
ARS,MUN,4039,12,9825,10260,1,2
AVL,SOU,4040,12,10252,8466,1,1
CHE,WBA,4041,12,8455,8659,2,0
CRY,LIV,4042,12,9826,8650,3,1
EVE,WHU,4043,12,8668,8654,2,1
HUL,TOT,4044,12,8667,8586,1,2
LEI,SUN,4045,12,8197,8472,0,0
MCI,SWA,4046,12,8456,10003,2,1
NEW,QPR,4047,12,10261,10172,1,0
STK,BUR,4048,12,10194,8191,1,2
BUR,AVL,4049,13,8191,10252,1,1
LIV,STK,4050,13,8650,10194,1,0
MUN,HUL,4051,13,10260,8667,3,0
QPR,LEI,4052,13,10172,8197,3,2
SOU,MCI,4053,13,8466,8456,0,3
SUN,CHE,4054,13,8472,8455,0,0
SWA,CRY,4055,13,10003,9826,1,1
TOT,EVE,4056,13,8586,8668,2,1
WBA,ARS,4057,13,8659,9825,0,1
WHU,NEW,4058,13,8654,10261,1,0
ARS,SOU,4059,14,9825,8466,1,0
BUR,NEW,4060,14,8191,10261,1,1
LEI,LIV,4061,14,8197,8650,1,3
MUN,STK,4062,14,10260,10194,2,1
SWA,QPR,4063,14,10003,10172,2,0
CRY,AVL,4064,14,9826,10252,0,1
WBA,WHU,4065,14,8659,8654,1,2
CHE,TOT,4066,14,8455,8586,3,0
EVE,HUL,4067,14,8668,8667,1,1
SUN,MCI,4068,14,8472,8456,1,4
AVL,LEI,4069,15,10252,8197,2,1
HUL,WBA,4070,15,8667,8659,0,0
LIV,SUN,4071,15,8650,8472,0,0
MCI,EVE,4072,15,8456,8668,1,0
NEW,CHE,4073,15,10261,8455,2,1
QPR,BUR,4074,15,10172,8191,2,0
SOU,MUN,4075,15,8466,10260,1,2
STK,ARS,4076,15,10194,9825,3,2
TOT,CRY,4077,15,8586,9826,0,0
WHU,SWA,4078,15,8654,10003,3,1
ARS,NEW,4079,16,9825,10261,4,1
BUR,SOU,4080,16,8191,8466,1,0
CHE,HUL,4081,16,8455,8667,2,0
CRY,STK,4082,16,9826,10194,1,1
EVE,QPR,4083,16,8668,10172,3,1
LEI,MCI,4084,16,8197,8456,0,1
MUN,LIV,4085,16,10260,8650,3,0
SUN,WHU,4086,16,8472,8654,1,1
SWA,TOT,4087,16,10003,8586,1,2
WBA,AVL,4088,16,8659,10252,1,0
AVL,MUN,4089,17,10252,10260,1,1
HUL,SWA,4090,17,8667,10003,0,1
LIV,ARS,4091,17,8650,9825,2,2
MCI,CRY,4092,17,8456,9826,3,0
NEW,SUN,4093,17,10261,8472,0,1
QPR,WBA,4094,17,10172,8659,3,2
SOU,EVE,4095,17,8466,8668,3,0
STK,CHE,4096,17,10194,8455,0,2
TOT,BUR,4097,17,8586,8191,2,1
WHU,LEI,4098,17,8654,8197,2,0
ARS,QPR,4099,18,9825,10172,2,1
BUR,LIV,4100,18,8191,8650,0,1
CHE,WHU,4101,18,8455,8654,2,0
CRY,SOU,4102,18,9826,8466,1,3
EVE,STK,4103,18,8668,10194,0,1
LEI,TOT,4104,18,8197,8586,1,2
MUN,NEW,4105,18,10260,10261,3,1
SUN,HUL,4106,18,8472,8667,1,3
SWA,AVL,4107,18,10003,10252,1,0
WBA,MCI,4108,18,8659,8456,1,3
AVL,SUN,4109,19,10252,8472,0,0
HUL,LEI,4110,19,8667,8197,0,1
LIV,SWA,4111,19,8650,10003,4,1
MCI,BUR,4112,19,8456,8191,2,2
NEW,EVE,4113,19,10261,8668,3,2
QPR,CRY,4114,19,10172,9826,0,0
SOU,CHE,4115,19,8466,8455,1,1
STK,WBA,4116,19,10194,8659,2,0
TOT,MUN,4117,19,8586,10260,0,0
WHU,ARS,4118,19,8654,9825,1,2
AVL,NEW,4119,2,10252,10261,0,0
CHE,LEI,4120,2,8455,8197,2,0
CRY,WHU,4121,2,9826,8654,1,3
EVE,ARS,4122,2,8668,9825,2,2
HUL,STK,4123,2,8667,10194,1,1
MCI,LIV,4124,2,8456,8650,3,1
SOU,WBA,4125,2,8466,8659,0,0
SUN,MUN,4126,2,8472,10260,1,1
SWA,BUR,4127,2,10003,8191,1,0
TOT,QPR,4128,2,8586,10172,4,0
AVL,CRY,4129,20,10252,9826,0,0
HUL,EVE,4130,20,8667,8668,2,0
LIV,LEI,4131,20,8650,8197,2,2
MCI,SUN,4132,20,8456,8472,3,2
NEW,BUR,4133,20,10261,8191,3,3
QPR,SWA,4134,20,10172,10003,1,1
SOU,ARS,4135,20,8466,9825,2,0
STK,MUN,4136,20,10194,10260,1,1
TOT,CHE,4137,20,8586,8455,5,3
WHU,WBA,4138,20,8654,8659,1,1
ARS,STK,4139,21,9825,10194,3,0
BUR,QPR,4140,21,8191,10172,2,1
CHE,NEW,4141,21,8455,10261,2,0
CRY,TOT,4142,21,9826,8586,2,1
EVE,MCI,4143,21,8668,8456,1,1
LEI,AVL,4144,21,8197,10252,1,0
MUN,SOU,4145,21,10260,8466,0,1
SUN,LIV,4146,21,8472,8650,0,1
SWA,WHU,4147,21,10003,8654,1,1
WBA,HUL,4148,21,8659,8667,1,0
AVL,LIV,4149,22,10252,8650,0,2
BUR,CRY,4150,22,8191,9826,2,3
EVE,WBA,4151,22,8668,8659,0,0
LEI,STK,4152,22,8197,10194,0,1
MCI,ARS,4153,22,8456,9825,0,2
NEW,SOU,4154,22,10261,8466,1,2
QPR,MUN,4155,22,10172,10260,0,2
SWA,CHE,4156,22,10003,8455,0,5
TOT,SUN,4157,22,8586,8472,2,1
WHU,HUL,4158,22,8654,8667,3,0
ARS,AVL,4159,23,9825,10252,5,0
CHE,MCI,4160,23,8455,8456,1,1
CRY,EVE,4161,23,9826,8668,0,1
HUL,NEW,4162,23,8667,10261,0,3
LIV,WHU,4163,23,8650,8654,2,0
MUN,LEI,4164,23,10260,8197,3,1
SOU,SWA,4165,23,8466,10003,0,1
STK,QPR,4166,23,10194,10172,3,1
SUN,BUR,4167,23,8472,8191,2,0
WBA,TOT,4168,23,8659,8586,0,3
AVL,CHE,4169,24,10252,8455,1,2
BUR,WBA,4170,24,8191,8659,2,2
EVE,LIV,4171,24,8668,8650,0,0
LEI,CRY,4172,24,8197,9826,0,1
MCI,HUL,4173,24,8456,8667,1,1
NEW,STK,4174,24,10261,10194,1,1
QPR,SOU,4175,24,10172,8466,0,1
SWA,SUN,4176,24,10003,8472,1,1
TOT,ARS,4177,24,8586,9825,2,1
WHU,MUN,4178,24,8654,10260,1,1
ARS,LEI,4179,25,9825,8197,2,1
HUL,AVL,4180,25,8667,10252,2,0
MUN,BUR,4181,25,10260,8191,3,1
SOU,WHU,4182,25,8466,8654,0,0
CRY,NEW,4183,25,9826,10261,1,1
LIV,TOT,4184,25,8650,8586,3,2
WBA,SWA,4185,25,8659,10003,2,0
CHE,EVE,4186,25,8455,8668,1,0
STK,MCI,4187,25,10194,8456,1,4
SUN,QPR,4188,25,8472,10172,0,2
AVL,STK,4189,26,10252,10194,1,2
CHE,BUR,4190,26,8455,8191,1,1
CRY,ARS,4191,26,9826,9825,1,2
EVE,LEI,4192,26,8668,8197,2,2
HUL,QPR,4193,26,8667,10172,2,1
MCI,NEW,4194,26,8456,10261,5,0
SOU,LIV,4195,26,8466,8650,0,2
SUN,WBA,4196,26,8472,8659,0,0
SWA,MUN,4197,26,10003,10260,2,1
TOT,WHU,4198,26,8586,8654,2,2
ARS,EVE,4199,27,9825,8668,2,0
BUR,SWA,4200,27,8191,10003,0,1
LEI,CHE,4201,27,8197,8455,1,3
LIV,MCI,4202,27,8650,8456,2,1
MUN,SUN,4203,27,10260,8472,2,0
NEW,AVL,4204,27,10261,10252,1,0
QPR,TOT,4205,27,10172,8586,1,2
STK,HUL,4206,27,10194,8667,1,0
WBA,SOU,4207,27,8659,8466,1,0
WHU,CRY,4208,27,8654,9826,1,3
AVL,WBA,4209,28,10252,8659,2,1
HUL,SUN,4210,28,8667,8472,1,1
QPR,ARS,4211,28,10172,9825,1,2
SOU,CRY,4212,28,8466,9826,1,0
WHU,CHE,4213,28,8654,8455,0,1
LIV,BUR,4214,28,8650,8191,2,0
MCI,LEI,4215,28,8456,8197,2,0
NEW,MUN,4216,28,10261,10260,0,1
STK,EVE,4217,28,10194,8668,2,0
TOT,SWA,4218,28,8586,10003,3,2
ARS,WHU,4219,29,9825,8654,3,0
BUR,MCI,4220,29,8191,8456,1,0
CHE,SOU,4221,29,8455,8466,1,1
CRY,QPR,4222,29,9826,10172,3,1
EVE,NEW,4223,29,8668,10261,3,0
LEI,HUL,4224,29,8197,8667,0,0
MUN,TOT,4225,29,10260,8586,3,0
SUN,AVL,4226,29,8472,10252,0,4
SWA,LIV,4227,29,10003,8650,0,1
WBA,STK,4228,29,8659,10194,1,0
AVL,HUL,4229,3,10252,8667,2,1
BUR,MUN,4230,3,8191,10260,0,0
EVE,CHE,4231,3,8668,8455,3,6
LEI,ARS,4232,3,8197,9825,1,1
MCI,STK,4233,3,8456,10194,0,1
NEW,CRY,4234,3,10261,9826,3,3
QPR,SUN,4235,3,10172,8472,1,0
SWA,WBA,4236,3,10003,8659,3,0
TOT,LIV,4237,3,8586,8650,0,3
WHU,SOU,4238,3,8654,8466,1,3
AVL,SWA,4239,30,10252,10003,0,1
HUL,CHE,4240,30,8667,8455,2,3
LIV,MUN,4241,30,8650,10260,1,2
MCI,WBA,4242,30,8456,8659,3,0
NEW,ARS,4243,30,10261,9825,1,2
QPR,EVE,4244,30,10172,8668,1,2
SOU,BUR,4245,30,8466,8191,2,0
STK,CRY,4246,30,10194,9826,1,2
TOT,LEI,4247,30,8586,8197,4,3
WHU,SUN,4248,30,8654,8472,1,0
ARS,LIV,4249,31,9825,8650,4,1
BUR,TOT,4250,31,8191,8586,0,0
CHE,STK,4251,31,8455,10194,2,1
CRY,MCI,4252,31,9826,8456,2,1
EVE,SOU,4253,31,8668,8466,1,0
LEI,WHU,4254,31,8197,8654,2,1
MUN,AVL,4255,31,10260,10252,3,1
SUN,NEW,4256,31,8472,10261,1,0
SWA,HUL,4257,31,10003,8667,3,1
WBA,QPR,4258,31,8659,10172,1,4
BUR,ARS,4259,32,8191,9825,0,1
LIV,NEW,4260,32,8650,10261,2,0
MUN,MCI,4261,32,10260,8456,4,2
QPR,CHE,4262,32,10172,8455,0,1
SOU,HUL,4263,32,8466,8667,2,0
SUN,CRY,4264,32,8472,9826,1,4
SWA,EVE,4265,32,10003,8668,1,1
TOT,AVL,4266,32,8586,10252,0,1
WBA,LEI,4267,32,8659,8197,2,3
WHU,STK,4268,32,8654,10194,1,1
ARS,SUN,4269,33,9825,8472,0,0
AVL,QPR,4270,33,10252,10172,3,3
CHE,MUN,4271,33,8455,10260,1,0
CRY,WBA,4272,33,9826,8659,0,2
EVE,BUR,4273,33,8668,8191,1,0
HUL,LIV,4274,33,8667,8650,1,0
LEI,SWA,4275,33,8197,10003,2,0
MCI,WHU,4276,33,8456,8654,2,0
NEW,TOT,4277,33,10261,8586,1,3
STK,SOU,4278,33,10194,8466,2,1
ARS,CHE,4279,34,9825,8455,0,0
BUR,LEI,4280,34,8191,8197,0,1
CRY,HUL,4281,34,9826,8667,0,2
EVE,MUN,4282,34,8668,10260,3,0
MCI,AVL,4283,34,8456,10252,3,2
NEW,SWA,4284,34,10261,10003,2,3
QPR,WHU,4285,34,10172,8654,0,0
SOU,TOT,4286,34,8466,8586,2,2
STK,SUN,4287,34,10194,8472,1,1
WBA,LIV,4288,34,8659,8650,0,0
AVL,EVE,4289,35,10252,8668,3,2
CHE,CRY,4290,35,8455,9826,1,0
HUL,ARS,4291,35,8667,9825,1,3
LEI,NEW,4292,35,8197,10261,3,0
LIV,QPR,4293,35,8650,10172,2,1
MUN,WBA,4294,35,10260,8659,0,1
SUN,SOU,4295,35,8472,8466,2,1
SWA,STK,4296,35,10003,10194,2,0
TOT,MCI,4297,35,8586,8456,0,1
WHU,BUR,4298,35,8654,8191,1,0
ARS,SWA,4299,36,9825,10003,0,1
AVL,WHU,4300,36,10252,8654,1,0
CHE,LIV,4301,36,8455,8650,1,1
CRY,MUN,4302,36,9826,10260,1,2
EVE,SUN,4303,36,8668,8472,0,2
HUL,BUR,4304,36,8667,8191,0,1
LEI,SOU,4305,36,8197,8466,2,0
MCI,QPR,4306,36,8456,10172,6,0
NEW,WBA,4307,36,10261,8659,1,1
STK,TOT,4308,36,10194,8586,3,0
BUR,STK,4309,37,8191,10194,0,0
LIV,CRY,4310,37,8650,9826,1,3
MUN,ARS,4311,37,10260,9825,1,1
QPR,NEW,4312,37,10172,10261,2,1
SOU,AVL,4313,37,8466,10252,6,1
SUN,LEI,4314,37,8472,8197,0,0
SWA,MCI,4315,37,10003,8456,2,4
TOT,HUL,4316,37,8586,8667,2,0
WBA,CHE,4317,37,8659,8455,3,0
WHU,EVE,4318,37,8654,8668,1,2
ARS,WBA,4319,38,9825,8659,4,1
AVL,BUR,4320,38,10252,8191,0,1
CHE,SUN,4321,38,8455,8472,3,1
CRY,SWA,4322,38,9826,10003,1,0
EVE,TOT,4323,38,8668,8586,0,1
HUL,MUN,4324,38,8667,10260,0,0
LEI,QPR,4325,38,8197,10172,5,1
MCI,SOU,4326,38,8456,8466,2,0
NEW,WHU,4327,38,10261,8654,2,0
STK,LIV,4328,38,10194,8650,6,1
ARS,MCI,4329,4,9825,8456,2,2
CHE,SWA,4330,4,8455,10003,4,2
CRY,BUR,4331,4,9826,8191,0,0
HUL,WHU,4332,4,8667,8654,2,2
LIV,AVL,4333,4,8650,10252,0,1
MUN,QPR,4334,4,10260,10172,4,0
SOU,NEW,4335,4,8466,10261,4,0
STK,LEI,4336,4,10194,8197,0,1
SUN,TOT,4337,4,8472,8586,2,2
WBA,EVE,4338,4,8659,8668,0,2
AVL,ARS,4339,5,10252,9825,0,3
BUR,SUN,4340,5,8191,8472,0,0
EVE,CRY,4341,5,8668,9826,2,3
LEI,MUN,4342,5,8197,10260,5,3
MCI,CHE,4343,5,8456,8455,1,1
NEW,HUL,4344,5,10261,8667,2,2
QPR,STK,4345,5,10172,10194,2,2
SWA,SOU,4346,5,10003,8466,0,1
TOT,WBA,4347,5,8586,8659,0,1
WHU,LIV,4348,5,8654,8650,3,1
ARS,TOT,4349,6,9825,8586,1,1
CHE,AVL,4350,6,8455,10252,3,0
CRY,LEI,4351,6,9826,8197,2,0
HUL,MCI,4352,6,8667,8456,2,4
LIV,EVE,4353,6,8650,8668,1,1
MUN,WHU,4354,6,10260,8654,2,1
SOU,QPR,4355,6,8466,10172,2,1
STK,NEW,4356,6,10194,10261,1,0
SUN,SWA,4357,6,8472,10003,0,0
WBA,BUR,4358,6,8659,8191,4,0
AVL,MCI,4359,7,10252,8456,0,2
CHE,ARS,4360,7,8455,9825,2,0
HUL,CRY,4361,7,8667,9826,2,0
LEI,BUR,4362,7,8197,8191,2,2
LIV,WBA,4363,7,8650,8659,2,1
MUN,EVE,4364,7,10260,8668,2,1
SUN,STK,4365,7,8472,10194,3,1
SWA,NEW,4366,7,10003,10261,2,2
TOT,SOU,4367,7,8586,8466,1,0
WHU,QPR,4368,7,8654,10172,2,0
ARS,HUL,4369,8,9825,8667,2,2
BUR,WHU,4370,8,8191,8654,1,3
CRY,CHE,4371,8,9826,8455,1,2
EVE,AVL,4372,8,8668,10252,3,0
MCI,TOT,4373,8,8456,8586,4,1
NEW,LEI,4374,8,10261,8197,1,0
QPR,LIV,4375,8,10172,8650,2,3
SOU,SUN,4376,8,8466,8472,8,0
STK,SWA,4377,8,10194,10003,2,1
WBA,MUN,4378,8,8659,10260,2,2
BUR,EVE,4379,9,8191,8668,1,3
LIV,HUL,4380,9,8650,8667,0,0
MUN,CHE,4381,9,10260,8455,1,1
QPR,AVL,4382,9,10172,10252,2,0
SOU,STK,4383,9,8466,10194,1,0
SUN,ARS,4384,9,8472,9825,0,2
SWA,LEI,4385,9,10003,8197,2,0
TOT,NEW,4386,9,8586,10261,1,2
WBA,CRY,4387,9,8659,9826,2,2
WHU,MCI,4388,9,8654,8456,2,1
ARS,WHU,4389,1,9825,8654,0,2
BOU,AVL,4390,1,8678,10252,0,1
CHE,SWA,4391,1,8455,10003,2,2
EVE,WAT,4392,1,8668,9817,2,2
LEI,SUN,4393,1,8197,8472,4,2
MUN,TOT,4394,1,10260,8586,1,0
NEW,SOU,4395,1,10261,8466,2,2
NOR,CRY,4396,1,9850,9826,1,3
STK,LIV,4397,1,10194,8650,0,1
WBA,MCI,4398,1,8659,8456,0,3
ARS,EVE,4399,10,9825,8668,2,1
AVL,SWA,4400,10,10252,10003,1,2
BOU,TOT,4401,10,8678,8586,1,5
LEI,CRY,4402,10,8197,9826,1,0
LIV,SOU,4403,10,8650,8466,1,1
MUN,MCI,4404,10,10260,8456,0,0
NOR,WBA,4405,10,9850,8659,0,1
STK,WAT,4406,10,10194,9817,0,2
SUN,NEW,4407,10,8472,10261,3,0
WHU,CHE,4408,10,8654,8455,2,1
CHE,LIV,4409,11,8455,8650,1,3
CRY,MUN,4410,11,9826,10260,0,0
EVE,SUN,4411,11,8668,8472,6,2
MCI,NOR,4412,11,8456,9850,2,1
NEW,STK,4413,11,10261,10194,0,0
SOU,BOU,4414,11,8466,8678,2,0
SWA,ARS,4415,11,10003,9825,0,3
TOT,AVL,4416,11,8586,10252,3,1
WAT,WHU,4417,11,9817,8654,2,0
WBA,LEI,4418,11,8659,8197,2,3
ARS,TOT,4419,12,9825,8586,1,1
AVL,MCI,4420,12,10252,8456,0,0
BOU,NEW,4421,12,8678,10261,0,1
LEI,WAT,4422,12,8197,9817,2,1
LIV,CRY,4423,12,8650,9826,1,2
MUN,WBA,4424,12,10260,8659,2,0
NOR,SWA,4425,12,9850,10003,1,0
STK,CHE,4426,12,10194,8455,1,0
SUN,SOU,4427,12,8472,8466,0,1
WHU,EVE,4428,12,8654,8668,1,1
CHE,NOR,4429,13,8455,9850,1,0
CRY,SUN,4430,13,9826,8472,0,1
EVE,AVL,4431,13,8668,10252,4,0
MCI,LIV,4432,13,8456,8650,1,4
NEW,LEI,4433,13,10261,8197,0,3
SOU,STK,4434,13,8466,10194,0,1
SWA,BOU,4435,13,10003,8678,2,2
TOT,WHU,4436,13,8586,8654,4,1
WAT,MUN,4437,13,9817,10260,1,2
WBA,ARS,4438,13,8659,9825,2,1
AVL,WAT,4439,14,10252,9817,2,3
BOU,EVE,4440,14,8678,8668,3,3
CRY,NEW,4441,14,9826,10261,5,1
LEI,MUN,4442,14,8197,10260,1,1
LIV,SWA,4443,14,8650,10003,1,0
MCI,SOU,4444,14,8456,8466,3,1
NOR,ARS,4445,14,9850,9825,1,1
SUN,STK,4446,14,8472,10194,2,0
TOT,CHE,4447,14,8586,8455,0,0
WHU,WBA,4448,14,8654,8659,1,1
ARS,SUN,4449,15,9825,8472,3,1
CHE,BOU,4450,15,8455,8678,0,1
EVE,CRY,4451,15,8668,9826,1,1
MUN,WHU,4452,15,10260,8654,0,0
NEW,LIV,4453,15,10261,8650,2,0
SOU,AVL,4454,15,8466,10252,1,1
STK,MCI,4455,15,10194,8456,2,0
SWA,LEI,4456,15,10003,8197,0,3
WAT,NOR,4457,15,9817,9850,2,0
WBA,TOT,4458,15,8659,8586,1,1
AVL,ARS,4459,16,10252,9825,0,2
BOU,MUN,4460,16,8678,10260,2,1
CRY,SOU,4461,16,9826,8466,1,0
LEI,CHE,4462,16,8197,8455,2,1
LIV,WBA,4463,16,8650,8659,2,2
MCI,SWA,4464,16,8456,10003,2,1
NOR,EVE,4465,16,9850,8668,1,1
SUN,WAT,4466,16,8472,9817,0,1
TOT,NEW,4467,16,8586,10261,1,2
WHU,STK,4468,16,8654,10194,0,0
ARS,MCI,4469,17,9825,8456,2,1
CHE,SUN,4470,17,8455,8472,3,1
EVE,LEI,4471,17,8668,8197,2,3
MUN,NOR,4472,17,10260,9850,1,2
NEW,AVL,4473,17,10261,10252,1,1
SOU,TOT,4474,17,8466,8586,0,2
STK,CRY,4475,17,10194,9826,1,2
SWA,WHU,4476,17,10003,8654,0,0
WAT,LIV,4477,17,9817,8650,3,0
WBA,BOU,4478,17,8659,8678,1,2
AVL,WHU,4479,18,10252,8654,1,1
BOU,CRY,4480,18,8678,9826,0,0
CHE,WAT,4481,18,8455,9817,2,2
LIV,LEI,4482,18,8650,8197,1,0
MCI,SUN,4483,18,8456,8472,4,1
NEW,EVE,4484,18,10261,8668,0,1
SOU,ARS,4485,18,8466,9825,4,0
STK,MUN,4486,18,10194,10260,2,0
SWA,WBA,4487,18,10003,8659,1,0
TOT,NOR,4488,18,8586,9850,3,0
ARS,BOU,4489,19,9825,8678,2,0
CRY,SWA,4490,19,9826,10003,0,0
EVE,STK,4491,19,8668,10194,3,4
LEI,MCI,4492,19,8197,8456,0,0
MUN,CHE,4493,19,10260,8455,0,0
NOR,AVL,4494,19,9850,10252,2,0
SUN,LIV,4495,19,8472,8650,0,1
WAT,TOT,4496,19,9817,8586,1,2
WBA,NEW,4497,19,8659,10261,1,0
WHU,SOU,4498,19,8654,8466,2,1
AVL,MUN,4499,2,10252,10260,0,1
CRY,ARS,4500,2,9826,9825,1,2
LIV,BOU,4501,2,8650,8678,1,0
MCI,CHE,4502,2,8456,8455,3,0
SOU,EVE,4503,2,8466,8668,0,3
SUN,NOR,4504,2,8472,9850,1,3
SWA,NEW,4505,2,10003,10261,2,0
TOT,STK,4506,2,8586,10194,2,2
WAT,WBA,4507,2,9817,8659,0,0
WHU,LEI,4508,2,8654,8197,1,2
ARS,NEW,4509,20,9825,10261,1,0
CRY,CHE,4510,20,9826,8455,0,3
EVE,TOT,4511,20,8668,8586,1,1
LEI,BOU,4512,20,8197,8678,0,0
MUN,SWA,4513,20,10260,10003,2,1
NOR,SOU,4514,20,9850,8466,1,0
SUN,AVL,4515,20,8472,10252,3,1
WAT,MCI,4516,20,9817,8456,1,2
WBA,STK,4517,20,8659,10194,2,1
WHU,LIV,4518,20,8654,8650,2,0
AVL,CRY,4519,21,10252,9826,1,0
BOU,WHU,4520,21,8678,8654,1,3
SWA,SUN,4521,21,10003,8472,2,4
LIV,ARS,4522,21,8650,9825,3,3
CHE,WBA,4523,21,8455,8659,2,2
MCI,EVE,4524,21,8456,8668,0,0
NEW,MUN,4525,21,10261,10260,3,3
SOU,WAT,4526,21,8466,9817,2,0
STK,NOR,4527,21,10194,9850,3,1
TOT,LEI,4528,21,8586,8197,0,1
AVL,LEI,4529,22,10252,8197,1,1
BOU,NOR,4530,22,8678,9850,3,0
CHE,EVE,4531,22,8455,8668,3,3
LIV,MUN,4532,22,8650,10260,0,1
MCI,CRY,4533,22,8456,9826,4,0
NEW,WHU,4534,22,10261,8654,2,1
SOU,WBA,4535,22,8466,8659,3,0
STK,ARS,4536,22,10194,9825,0,0
SWA,WAT,4537,22,10003,9817,1,0
TOT,SUN,4538,22,8586,8472,4,1
ARS,CHE,4539,23,9825,8455,0,1
CRY,TOT,4540,23,9826,8586,1,3
EVE,SWA,4541,23,8668,10003,1,2
LEI,STK,4542,23,8197,10194,3,0
MUN,SOU,4543,23,10260,8466,0,1
NOR,LIV,4544,23,9850,8650,4,5
SUN,BOU,4545,23,8472,8678,1,1
WAT,NEW,4546,23,9817,10261,2,1
WBA,AVL,4547,23,8659,10252,0,0
WHU,MCI,4548,23,8654,8456,2,2
ARS,SOU,4549,24,9825,8466,0,0
LEI,LIV,4550,24,8197,8650,2,0
NOR,TOT,4551,24,9850,8586,0,3
SUN,MCI,4552,24,8472,8456,0,1
WAT,CHE,4553,24,9817,8455,0,0
WHU,AVL,4554,24,8654,10252,2,0
CRY,BOU,4555,24,9826,8678,1,2
MUN,STK,4556,24,10260,10194,3,0
WBA,SWA,4557,24,8659,10003,1,1
EVE,NEW,4558,24,8668,10261,3,0
AVL,NOR,4559,25,10252,9850,2,0
BOU,ARS,4560,25,8678,9825,0,2
CHE,MUN,4561,25,8455,10260,1,1
LIV,SUN,4562,25,8650,8472,2,2
MCI,LEI,4563,25,8456,8197,1,3
NEW,WBA,4564,25,10261,8659,1,0
SOU,WHU,4565,25,8466,8654,1,0
STK,EVE,4566,25,10194,8668,0,3
SWA,CRY,4567,25,10003,9826,1,1
TOT,WAT,4568,25,8586,9817,1,0
ARS,LEI,4569,26,9825,8197,2,1
AVL,LIV,4570,26,10252,8650,0,6
BOU,STK,4571,26,8678,10194,1,3
CHE,NEW,4572,26,8455,10261,5,1
CRY,WAT,4573,26,9826,9817,1,2
EVE,WBA,4574,26,8668,8659,0,1
MCI,TOT,4575,26,8456,8586,1,2
NOR,WHU,4576,26,9850,8654,2,2
SUN,MUN,4577,26,8472,10260,2,1
SWA,SOU,4578,26,10003,8466,0,1
LEI,NOR,4579,27,8197,9850,1,0
LIV,EVE,4580,27,8650,8668,4,0
MUN,ARS,4581,27,10260,9825,3,2
NEW,MCI,4582,27,10261,8456,1,1
SOU,CHE,4583,27,8466,8455,1,2
STK,AVL,4584,27,10194,10252,2,1
TOT,SWA,4585,27,8586,10003,2,1
WAT,BOU,4586,27,9817,8678,0,0
WBA,CRY,4587,27,8659,9826,3,2
WHU,SUN,4588,27,8654,8472,1,0
ARS,SWA,4589,28,9825,10003,1,2
AVL,EVE,4590,28,10252,8668,1,3
BOU,SOU,4591,28,8678,8466,2,0
LEI,WBA,4592,28,8197,8659,2,2
NOR,CHE,4593,28,9850,8455,1,2
SUN,CRY,4594,28,8472,9826,2,2
WHU,TOT,4595,28,8654,8586,1,0
LIV,MCI,4596,28,8650,8456,3,0
MUN,WAT,4597,28,10260,9817,1,0
STK,NEW,4598,28,10194,10261,1,0
CHE,STK,4599,29,8455,10194,1,1
CRY,LIV,4600,29,9826,8650,1,2
EVE,WHU,4601,29,8668,8654,2,3
MCI,AVL,4602,29,8456,10252,4,0
NEW,BOU,4603,29,10261,8678,1,3
SOU,SUN,4604,29,8466,8472,1,1
SWA,NOR,4605,29,10003,9850,1,0
TOT,ARS,4606,29,8586,9825,2,2
WAT,LEI,4607,29,9817,8197,0,1
WBA,MUN,4608,29,8659,10260,1,0
ARS,LIV,4609,3,9825,8650,0,0
CRY,AVL,4610,3,9826,10252,2,1
EVE,MCI,4611,3,8668,8456,0,2
LEI,TOT,4612,3,8197,8586,1,1
MUN,NEW,4613,3,10260,10261,0,0
NOR,STK,4614,3,9850,10194,1,1
SUN,SWA,4615,3,8472,10003,1,1
WAT,SOU,4616,3,9817,8466,0,0
WBA,CHE,4617,3,8659,8455,2,3
WHU,BOU,4618,3,8654,8678,3,4
ARS,WBA,4619,30,9825,8659,2,0
AVL,TOT,4620,30,10252,8586,0,2
BOU,SWA,4621,30,8678,10003,3,2
LEI,NEW,4622,30,8197,10261,1,0
LIV,CHE,4623,30,8650,8455,1,1
MUN,CRY,4624,30,10260,9826,2,0
NOR,MCI,4625,30,9850,8456,0,0
STK,SOU,4626,30,10194,8466,1,2
SUN,EVE,4627,30,8472,8668,3,0
WHU,WAT,4628,30,8654,9817,3,1
CHE,WHU,4629,31,8455,8654,2,2
CRY,LEI,4630,31,9826,8197,0,1
EVE,ARS,4631,31,8668,9825,0,2
MCI,MUN,4632,31,8456,10260,0,1
NEW,SUN,4633,31,10261,8472,1,1
SOU,LIV,4634,31,8466,8650,3,2
SWA,AVL,4635,31,10003,10252,1,0
TOT,BOU,4636,31,8586,8678,3,0
WAT,STK,4637,31,9817,10194,1,2
WBA,NOR,4638,31,8659,9850,0,1
ARS,WAT,4639,32,9825,9817,4,0
AVL,CHE,4640,32,10252,8455,0,4
BOU,MCI,4641,32,8678,8456,0,4
LEI,SOU,4642,32,8197,8466,1,0
LIV,TOT,4643,32,8650,8586,1,1
MUN,EVE,4644,32,10260,8668,1,0
NOR,NEW,4645,32,9850,10261,3,2
STK,SWA,4646,32,10194,10003,2,2
SUN,WBA,4647,32,8472,8659,0,0
WHU,CRY,4648,32,8654,9826,2,2
AVL,BOU,4649,33,10252,8678,1,2
CRY,NOR,4650,33,9826,9850,1,0
LIV,STK,4651,33,8650,10194,4,1
MCI,WBA,4652,33,8456,8659,2,1
SOU,NEW,4653,33,8466,10261,3,1
SUN,LEI,4654,33,8472,8197,0,2
SWA,CHE,4655,33,10003,8455,1,0
TOT,MUN,4656,33,8586,10260,3,0
WAT,EVE,4657,33,9817,8668,1,1
WHU,ARS,4658,33,8654,9825,3,3
ARS,CRY,4659,34,9825,9826,1,1
BOU,LIV,4660,34,8678,8650,1,2
CHE,MCI,4661,34,8455,8456,0,3
EVE,SOU,4662,34,8668,8466,1,1
LEI,WHU,4663,34,8197,8654,2,2
MUN,AVL,4664,34,10260,10252,1,0
NEW,SWA,4665,34,10261,10003,3,0
NOR,SUN,4666,34,9850,8472,0,3
STK,TOT,4667,34,10194,8586,0,4
WBA,WAT,4668,34,8659,9817,0,1
AVL,SOU,4669,35,10252,8466,2,4
BOU,CHE,4670,35,8678,8455,1,4
CRY,EVE,4671,35,9826,8668,0,0
LEI,SWA,4672,35,8197,10003,4,0
LIV,NEW,4673,35,8650,10261,2,2
MCI,STK,4674,35,8456,10194,4,0
NOR,WAT,4675,35,9850,9817,4,2
SUN,ARS,4676,35,8472,9825,0,0
TOT,WBA,4677,35,8586,8659,1,1
WHU,MUN,4678,35,8654,10260,3,2
ARS,NOR,4679,36,9825,9850,1,0
CHE,TOT,4680,36,8455,8586,2,2
EVE,BOU,4681,36,8668,8678,2,1
MUN,LEI,4682,36,10260,8197,1,1
NEW,CRY,4683,36,10261,9826,1,0
SOU,MCI,4684,36,8466,8456,4,2
STK,SUN,4685,36,10194,8472,1,1
SWA,LIV,4686,36,10003,8650,3,1
WAT,AVL,4687,36,9817,10252,3,2
WBA,WHU,4688,36,8659,8654,0,3
AVL,NEW,4689,37,10252,10261,0,0
BOU,WBA,4690,37,8678,8659,1,1
CRY,STK,4691,37,9826,10194,2,1
LEI,EVE,4692,37,8197,8668,3,1
LIV,WAT,4693,37,8650,9817,2,0
MCI,ARS,4694,37,8456,9825,2,2
NOR,MUN,4695,37,9850,10260,0,1
SUN,CHE,4696,37,8472,8455,3,2
TOT,SOU,4697,37,8586,8466,1,2
WHU,SWA,4698,37,8654,10003,1,4
ARS,AVL,4699,38,9825,10252,4,0
CHE,LEI,4700,38,8455,8197,1,1
EVE,NOR,4701,38,8668,9850,3,0
MUN,BOU,4702,38,10260,8678,3,1
NEW,TOT,4703,38,10261,8586,5,1
SOU,CRY,4704,38,8466,9826,4,1
STK,WHU,4705,38,10194,8654,2,1
SWA,MCI,4706,38,10003,8456,1,1
WAT,SUN,4707,38,9817,8472,2,2
WBA,LIV,4708,38,8659,8650,1,1
AVL,SUN,4709,4,10252,8472,2,2
BOU,LEI,4710,4,8678,8197,1,1
CHE,CRY,4711,4,8455,9826,1,2
LIV,WHU,4712,4,8650,8654,0,3
MCI,WAT,4713,4,8456,9817,2,0
NEW,ARS,4714,4,10261,9825,0,1
SOU,NOR,4715,4,8466,9850,3,0
STK,WBA,4716,4,10194,8659,0,1
SWA,MUN,4717,4,10003,10260,2,1
TOT,EVE,4718,4,8586,8668,0,0
ARS,STK,4719,5,9825,10194,2,0
CRY,MCI,4720,5,9826,8456,0,1
EVE,CHE,4721,5,8668,8455,3,1
LEI,AVL,4722,5,8197,10252,3,2
MUN,LIV,4723,5,10260,8650,3,1
NOR,BOU,4724,5,9850,8678,3,1
SUN,TOT,4725,5,8472,8586,0,1
WAT,SWA,4726,5,9817,10003,1,0
WBA,SOU,4727,5,8659,8466,0,0
WHU,NEW,4728,5,8654,10261,2,0
AVL,WBA,4729,6,10252,8659,0,1
BOU,SUN,4730,6,8678,8472,2,0
CHE,ARS,4731,6,8455,9825,2,0
LIV,NOR,4732,6,8650,9850,1,1
MCI,WHU,4733,6,8456,8654,1,2
NEW,WAT,4734,6,10261,9817,1,2
SOU,MUN,4735,6,8466,10260,2,3
STK,LEI,4736,6,10194,8197,2,2
SWA,EVE,4737,6,10003,8668,0,0
TOT,CRY,4738,6,8586,9826,1,0
LEI,ARS,4739,7,8197,9825,2,5
LIV,AVL,4740,7,8650,10252,3,2
MUN,SUN,4741,7,10260,8472,3,0
NEW,CHE,4742,7,10261,8455,2,2
SOU,SWA,4743,7,8466,10003,3,1
STK,BOU,4744,7,10194,8678,2,1
TOT,MCI,4745,7,8586,8456,4,1
WAT,CRY,4746,7,9817,9826,0,1
WBA,EVE,4747,7,8659,8668,2,3
WHU,NOR,4748,7,8654,9850,2,2
ARS,MUN,4749,8,9825,10260,3,0
AVL,STK,4750,8,10252,10194,0,1
BOU,WAT,4751,8,8678,9817,1,1
CHE,SOU,4752,8,8455,8466,1,3
CRY,WBA,4753,8,9826,8659,2,0
EVE,LIV,4754,8,8668,8650,1,1
MCI,NEW,4755,8,8456,10261,6,1
NOR,LEI,4756,8,9850,8197,1,2
SUN,WHU,4757,8,8472,8654,2,2
SWA,TOT,4758,8,10003,8586,2,2
CHE,AVL,4759,9,8455,10252,2,0
CRY,WHU,4760,9,9826,8654,1,3
EVE,MUN,4761,9,8668,10260,0,3
MCI,BOU,4762,9,8456,8678,5,1
NEW,NOR,4763,9,10261,9850,6,2
SOU,LEI,4764,9,8466,8197,2,2
SWA,STK,4765,9,10003,10194,0,1
TOT,LIV,4766,9,8586,8650,0,0
WAT,ARS,4767,9,9817,9825,0,3
WBA,SUN,4768,9,8659,8472,1,0
