MUN,BLA,2799,38,10260,8483,4,2,2011-05-22 00:00:00
TOT,BIR,2800,38,8586,8658,2,1,2011-05-22 00:00:00
WHU,SUN,2801,38,8654,8472,0,3,2011-05-22 00:00:00
AVL,LIV,2802,38,10252,8650,1,0,2011-05-22 00:00:00
EVE,CHE,2803,38,8668,8455,1,0,2011-05-22 00:00:00
NEW,WBA,2804,38,10261,8659,3,3,2011-05-22 00:00:00
WOL,BLB,2805,38,8602,8655,2,3,2011-05-22 00:00:00
FUL,ARS,2806,38,9879,9825,2,2,2011-05-22 00:00:00
BOL,MCI,2807,38,8559,8456,0,2,2011-05-22 00:00:00
STK,WIG,2808,38,10194,8528,0,1,2011-05-22 00:00:00
MCI,STK,2792,37,8456,10194,3,0,2011-05-17 00:00:00
ARS,AVL,2789,37,9825,10252,1,2,2011-05-15 00:00:00
LIV,TOT,2790,37,8650,8586,0,2,2011-05-15 00:00:00
BIR,FUL,2794,37,8658,9879,0,2,2011-05-15 00:00:00
WIG,WHU,2797,37,8528,8654,3,2,2011-05-15 00:00:00
CHE,NEW,2798,37,8455,10261,2,2,2011-05-15 00:00:00
SUN,WOL,2791,37,8472,8602,1,3,2011-05-14 00:00:00
BLB,MUN,2793,37,8655,10260,1,1,2011-05-14 00:00:00
WBA,EVE,2795,37,8659,8668,1,0,2011-05-14 00:00:00
BLA,BOL,2796,37,8483,8559,4,3,2011-05-14 00:00:00
MCI,TOT,2754,33,8456,8586,1,0,2011-05-10 00:00:00
FUL,LIV,2786,36,9879,8650,2,5,2011-05-09 00:00:00
MUN,CHE,2779,36,10260,8455,2,1,2011-05-08 00:00:00
WOL,WBA,2785,36,8602,8659,3,1,2011-05-08 00:00:00
STK,ARS,2788,36,10194,9825,3,1,2011-05-08 00:00:00
TOT,BLA,2780,36,8586,8483,1,1,2011-05-07 00:00:00
WHU,BLB,2781,36,8654,8655,1,1,2011-05-07 00:00:00
AVL,WIG,2782,36,10252,8528,1,1,2011-05-07 00:00:00
EVE,MCI,2783,36,8668,8456,2,1,2011-05-07 00:00:00
NEW,BIR,2784,36,10261,8658,2,1,2011-05-07 00:00:00
BOL,SUN,2787,36,8559,8472,1,2,2011-05-07 00:00:00
ARS,MUN,2769,35,9825,10260,1,0,2011-05-01 00:00:00
LIV,NEW,2770,35,8650,10261,3,0,2011-05-01 00:00:00
MCI,WHU,2772,35,8456,8654,2,1,2011-05-01 00:00:00
BIR,WOL,2774,35,8658,8602,1,1,2011-05-01 00:00:00
SUN,FUL,2771,35,8472,9879,0,3,2011-04-30 00:00:00
BLB,BOL,2773,35,8655,8559,1,0,2011-04-30 00:00:00
WBA,AVL,2775,35,8659,10252,2,1,2011-04-30 00:00:00
BLA,STK,2776,35,8483,10194,0,0,2011-04-30 00:00:00
WIG,EVE,2777,35,8528,8668,1,1,2011-04-30 00:00:00
CHE,TOT,2778,35,8455,8586,2,1,2011-04-30 00:00:00
FUL,BOL,2755,33,9879,8559,3,0,2011-04-27 00:00:00
STK,WOL,2758,33,10194,8602,3,0,2011-04-26 00:00:00
BLB,MCI,2765,34,8655,8456,0,1,2011-04-25 00:00:00
BOL,ARS,2766,34,8559,9825,2,1,2011-04-24 00:00:00
MUN,EVE,2759,34,10260,8668,1,0,2011-04-23 00:00:00
LIV,BIR,2760,34,8650,8658,5,0,2011-04-23 00:00:00
SUN,WIG,2761,34,8472,8528,4,2,2011-04-23 00:00:00
TOT,WBA,2762,34,8586,8659,2,2,2011-04-23 00:00:00
AVL,STK,2763,34,10252,10194,1,1,2011-04-23 00:00:00
WOL,FUL,2764,34,8602,9879,1,1,2011-04-23 00:00:00
BLA,NEW,2767,34,8483,10261,1,1,2011-04-23 00:00:00
CHE,WHU,2768,34,8455,8654,3,0,2011-04-23 00:00:00
TOT,ARS,2689,28,8586,9825,3,3,2011-04-20 00:00:00
CHE,BIR,2698,28,8455,8658,3,1,2011-04-20 00:00:00
NEW,MUN,2753,33,10261,10260,0,0,2011-04-19 00:00:00
ARS,LIV,2750,33,9825,8650,1,1,2011-04-17 00:00:00
BLA,WIG,2749,33,8483,8528,1,3,2011-04-16 00:00:00
WHU,AVL,2751,33,8654,10252,1,2,2011-04-16 00:00:00
EVE,BLB,2752,33,8668,8655,2,0,2011-04-16 00:00:00
BIR,SUN,2756,33,8658,8472,2,0,2011-04-16 00:00:00
WBA,CHE,2757,33,8659,8455,1,3,2011-04-16 00:00:00
LIV,MCI,2740,32,8650,8456,3,0,2011-04-11 00:00:00
AVL,NEW,2743,32,10252,10261,1,0,2011-04-10 00:00:00
BLA,ARS,2747,32,8483,9825,1,3,2011-04-10 00:00:00
MUN,FUL,2739,32,10260,9879,2,0,2011-04-09 00:00:00
SUN,WBA,2741,32,8472,8659,2,3,2011-04-09 00:00:00
TOT,STK,2742,32,8586,10194,3,2,2011-04-09 00:00:00
WOL,EVE,2744,32,8602,8668,0,3,2011-04-09 00:00:00
BLB,BIR,2745,32,8655,8658,1,1,2011-04-09 00:00:00
BOL,WHU,2746,32,8559,8654,3,0,2011-04-09 00:00:00
CHE,WIG,2748,32,8455,8528,1,0,2011-04-09 00:00:00
MCI,SUN,2733,31,8456,8472,5,0,2011-04-03 00:00:00
FUL,BLA,2734,31,9879,8483,3,0,2011-04-03 00:00:00
ARS,BLB,2729,31,9825,8655,0,0,2011-04-02 00:00:00
WHU,MUN,2730,31,8654,10260,2,4,2011-04-02 00:00:00
EVE,AVL,2731,31,8668,10252,2,2,2011-04-02 00:00:00
NEW,WOL,2732,31,10261,8602,4,1,2011-04-02 00:00:00
BIR,BOL,2735,31,8658,8559,2,1,2011-04-02 00:00:00
WBA,LIV,2736,31,8659,8650,2,1,2011-04-02 00:00:00
STK,CHE,2737,31,10194,8455,1,1,2011-04-02 00:00:00
WIG,TOT,2738,31,8528,8586,0,0,2011-04-02 00:00:00
SUN,LIV,2720,30,8472,8650,0,2,2011-03-20 00:00:00
CHE,MCI,2728,30,8455,8456,2,0,2011-03-20 00:00:00
MUN,BOL,2719,30,10260,8559,1,0,2011-03-19 00:00:00
TOT,WHU,2721,30,8586,8654,0,0,2011-03-19 00:00:00
AVL,WOL,2722,30,10252,8602,0,1,2011-03-19 00:00:00
EVE,FUL,2723,30,8668,9879,2,1,2011-03-19 00:00:00
BLB,BLA,2724,30,8655,8483,2,2,2011-03-19 00:00:00
WBA,ARS,2725,30,8659,9825,2,2,2011-03-19 00:00:00
STK,NEW,2726,30,10194,10261,4,0,2011-03-19 00:00:00
WIG,BIR,2727,30,8528,8658,2,1,2011-03-19 00:00:00
EVE,BIR,2592,19,8668,8658,1,1,2011-03-09 00:00:00
BLA,CHE,2708,29,8483,8455,1,3,2011-03-07 00:00:00
LIV,MUN,2700,29,8650,10260,3,1,2011-03-06 00:00:00
WOL,TOT,2704,29,8602,8586,3,3,2011-03-06 00:00:00
ARS,SUN,2699,29,9825,8472,0,0,2011-03-05 00:00:00
WHU,STK,2701,29,8654,10194,3,0,2011-03-05 00:00:00
NEW,EVE,2702,29,10261,8668,1,2,2011-03-05 00:00:00
MCI,WIG,2703,29,8456,8528,1,0,2011-03-05 00:00:00
FUL,BLB,2705,29,9879,8655,3,2,2011-03-05 00:00:00
BIR,WBA,2706,29,8658,8659,1,3,2011-03-05 00:00:00
BOL,AVL,2707,29,8559,10252,3,2,2011-03-05 00:00:00
CHE,MUN,2588,18,8455,10260,2,1,2011-03-01 00:00:00
STK,WBA,2696,28,10194,8659,1,1,2011-02-28 00:00:00
WHU,LIV,2690,28,8654,8650,3,1,2011-02-27 00:00:00
MCI,FUL,2694,28,8456,9879,1,1,2011-02-27 00:00:00
AVL,BLB,2691,28,10252,8655,4,1,2011-02-26 00:00:00
EVE,SUN,2692,28,8668,8472,2,0,2011-02-26 00:00:00
NEW,BOL,2693,28,10261,8559,1,1,2011-02-26 00:00:00
WOL,BLA,2695,28,8602,8483,4,0,2011-02-26 00:00:00
WIG,MUN,2697,28,8528,10260,0,4,2011-02-26 00:00:00
ARS,STK,2579,18,9825,10194,1,0,2011-02-23 00:00:00
BLA,TOT,2586,18,8483,8586,3,1,2011-02-22 00:00:00
WBA,WOL,2585,18,8659,8602,1,1,2011-02-20 00:00:00
BIR,NEW,2584,18,8658,10261,0,2,2011-02-15 00:00:00
FUL,CHE,2684,27,9879,8455,0,0,2011-02-14 00:00:00
BOL,EVE,2686,27,8559,8668,2,0,2011-02-13 00:00:00
MUN,MCI,2679,27,10260,8456,2,1,2011-02-12 00:00:00
ARS,WOL,2680,27,9825,8602,2,0,2011-02-12 00:00:00
LIV,WIG,2681,27,8650,8528,1,1,2011-02-12 00:00:00
SUN,TOT,2682,27,8472,8586,1,2,2011-02-12 00:00:00
BLB,NEW,2683,27,8655,10261,0,0,2011-02-12 00:00:00
BIR,STK,2685,27,8658,10194,1,0,2011-02-12 00:00:00
WBA,WHU,2687,27,8659,8654,3,3,2011-02-12 00:00:00
BLA,AVL,2688,27,8483,10252,1,1,2011-02-12 00:00:00
WHU,BIR,2670,26,8654,8658,0,1,2011-02-06 00:00:00
CHE,LIV,2678,26,8455,8650,0,1,2011-02-06 00:00:00
TOT,BOL,2669,26,8586,8559,2,1,2011-02-05 00:00:00
AVL,FUL,2671,26,10252,9879,2,2,2011-02-05 00:00:00
EVE,BLA,2672,26,8668,8483,5,3,2011-02-05 00:00:00
NEW,ARS,2673,26,10261,9825,4,4,2011-02-05 00:00:00
MCI,WBA,2674,26,8456,8659,3,0,2011-02-05 00:00:00
WOL,MUN,2675,26,8602,10260,2,1,2011-02-05 00:00:00
STK,SUN,2676,26,10194,8472,3,2,2011-02-05 00:00:00
WIG,BLB,2677,26,8528,8655,4,3,2011-02-05 00:00:00
BIR,MCI,2662,25,8658,8456,2,2,2011-02-02 00:00:00
BOL,WOL,2663,25,8559,8602,1,0,2011-02-02 00:00:00
BLA,WHU,2665,25,8483,8654,1,3,2011-02-02 00:00:00
LIV,STK,2666,25,8650,10194,2,0,2011-02-02 00:00:00
BLB,TOT,2667,25,8655,8586,0,1,2011-02-02 00:00:00
FUL,NEW,2668,25,9879,10261,1,0,2011-02-02 00:00:00
MUN,AVL,2659,25,10260,10252,3,1,2011-02-01 00:00:00
ARS,EVE,2660,25,9825,8668,2,1,2011-02-01 00:00:00
SUN,CHE,2661,25,8472,8455,2,4,2011-02-01 00:00:00
WBA,WIG,2664,25,8659,8528,2,2,2011-02-01 00:00:00
LIV,FUL,2580,18,8650,9879,1,0,2011-01-26 00:00:00
BLA,MUN,2566,16,8483,10260,2,3,2011-01-25 00:00:00
WIG,AVL,2587,18,8528,10252,1,2,2011-01-25 00:00:00
BOL,CHE,2657,24,8559,8455,0,4,2011-01-24 00:00:00
BLB,WBA,2655,24,8655,8659,2,0,2011-01-23 00:00:00
MUN,BIR,2649,24,10260,8658,5,0,2011-01-22 00:00:00
ARS,WIG,2650,24,9825,8528,3,0,2011-01-22 00:00:00
AVL,MCI,2651,24,10252,8456,1,0,2011-01-22 00:00:00
EVE,WHU,2652,24,8668,8654,2,2,2011-01-22 00:00:00
NEW,TOT,2653,24,10261,8586,1,1,2011-01-22 00:00:00
WOL,LIV,2654,24,8602,8650,0,3,2011-01-22 00:00:00
FUL,STK,2656,24,9879,10194,2,0,2011-01-22 00:00:00
BLA,SUN,2658,24,8483,8472,1,2,2011-01-22 00:00:00
LIV,EVE,2639,23,8650,8668,2,2,2011-01-16 00:00:00
SUN,NEW,2640,23,8472,10261,1,1,2011-01-16 00:00:00
TOT,MUN,2641,23,8586,10260,0,0,2011-01-16 00:00:00
BIR,AVL,2644,23,8658,10252,1,1,2011-01-16 00:00:00
WHU,ARS,2642,23,8654,9825,0,3,2011-01-15 00:00:00
MCI,WOL,2643,23,8456,8602,4,3,2011-01-15 00:00:00
WBA,BLA,2645,23,8659,8483,3,2,2011-01-15 00:00:00
STK,BOL,2646,23,10194,8559,2,0,2011-01-15 00:00:00
WIG,FUL,2647,23,8528,9879,1,1,2011-01-15 00:00:00
CHE,BLB,2648,23,8455,8655,2,0,2011-01-15 00:00:00
BLA,LIV,2598,19,8483,8650,2,1,2011-01-12 00:00:00
ARS,MCI,2630,22,9825,8456,0,0,2011-01-05 00:00:00
WOL,CHE,2631,22,8602,8455,1,0,2011-01-05 00:00:00
BOL,WIG,2632,22,8559,8528,1,1,2011-01-05 00:00:00
AVL,SUN,2634,22,10252,8472,0,1,2011-01-05 00:00:00
EVE,TOT,2635,22,8668,8586,2,1,2011-01-05 00:00:00
NEW,WHU,2636,22,10261,8654,5,0,2011-01-05 00:00:00
BLB,LIV,2637,22,8655,8650,3,1,2011-01-05 00:00:00
MUN,STK,2629,22,10260,10194,2,1,2011-01-04 00:00:00
BLA,BIR,2633,22,8483,8658,1,2,2011-01-04 00:00:00
FUL,WBA,2638,22,9879,8659,3,0,2011-01-04 00:00:00
WIG,NEW,2627,21,8528,10261,0,1,2011-01-02 00:00:00
CHE,AVL,2628,21,8455,10252,3,3,2011-01-02 00:00:00
LIV,BOL,2619,21,8650,8559,2,1,2011-01-01 00:00:00
SUN,BLB,2620,21,8472,8655,3,0,2011-01-01 00:00:00
TOT,FUL,2621,21,8586,9879,1,0,2011-01-01 00:00:00
WHU,WOL,2622,21,8654,8602,2,0,2011-01-01 00:00:00
MCI,BLA,2623,21,8456,8483,1,0,2011-01-01 00:00:00
BIR,ARS,2624,21,8658,9825,0,3,2011-01-01 00:00:00
WBA,MUN,2625,21,8659,10260,1,2,2011-01-01 00:00:00
STK,EVE,2626,21,10194,8668,2,0,2011-01-01 00:00:00
LIV,WOL,2609,20,8650,8602,0,1,2010-12-29 00:00:00
WIG,ARS,2617,20,8528,9825,2,2,2010-12-29 00:00:00
CHE,BOL,2618,20,8455,8559,1,0,2010-12-29 00:00:00
SUN,BLA,2610,20,8472,8483,0,2,2010-12-28 00:00:00
TOT,NEW,2611,20,8586,10261,2,0,2010-12-28 00:00:00
WHU,EVE,2612,20,8654,8668,1,1,2010-12-28 00:00:00
MCI,AVL,2613,20,8456,10252,4,0,2010-12-28 00:00:00
BIR,MUN,2614,20,8658,10260,1,1,2010-12-28 00:00:00
WBA,BLB,2615,20,8659,8655,1,3,2010-12-28 00:00:00
STK,FUL,2616,20,10194,9879,0,2,2010-12-28 00:00:00
ARS,CHE,2590,19,9825,8455,3,1,2010-12-27 00:00:00
MUN,SUN,2589,19,10260,8472,2,0,2010-12-26 00:00:00
AVL,TOT,2591,19,10252,8586,1,2,2010-12-26 00:00:00
NEW,MCI,2593,19,10261,8456,1,3,2010-12-26 00:00:00
WOL,WIG,2594,19,8602,8528,1,2,2010-12-26 00:00:00
BLB,STK,2595,19,8655,10194,0,2,2010-12-26 00:00:00
FUL,WHU,2596,19,9879,8654,1,3,2010-12-26 00:00:00
BOL,WBA,2597,19,8559,8659,2,0,2010-12-26 00:00:00
MCI,EVE,2582,18,8456,8668,1,2,2010-12-20 00:00:00
SUN,BOL,2581,18,8472,8559,1,0,2010-12-18 00:00:00
BLB,WHU,2583,18,8655,8654,1,1,2010-12-18 00:00:00
MUN,ARS,2569,17,10260,9825,1,0,2010-12-13 00:00:00
TOT,CHE,2570,17,8586,8455,1,1,2010-12-12 00:00:00
WOL,BIR,2575,17,8602,8658,1,0,2010-12-12 00:00:00
BOL,BLB,2577,17,8559,8655,2,1,2010-12-12 00:00:00
WHU,MCI,2571,17,8654,8456,1,3,2010-12-11 00:00:00
AVL,WBA,2572,17,10252,8659,2,1,2010-12-11 00:00:00
EVE,WIG,2573,17,8668,8528,0,0,2010-12-11 00:00:00
NEW,LIV,2574,17,10261,8650,3,1,2010-12-11 00:00:00
FUL,SUN,2576,17,9879,8472,0,0,2010-12-11 00:00:00
STK,BLA,2578,17,10194,8483,0,1,2010-12-11 00:00:00
LIV,AVL,2560,16,8650,10252,3,0,2010-12-06 00:00:00
SUN,WHU,2561,16,8472,8654,1,0,2010-12-05 00:00:00
WBA,NEW,2565,16,8659,10261,3,1,2010-12-05 00:00:00
ARS,FUL,2559,16,9825,9879,2,1,2010-12-04 00:00:00
MCI,BOL,2562,16,8456,8559,1,0,2010-12-04 00:00:00
BLB,WOL,2563,16,8655,8602,3,0,2010-12-04 00:00:00
BIR,TOT,2564,16,8658,8586,1,1,2010-12-04 00:00:00
WIG,STK,2567,16,8528,10194,2,2,2010-12-04 00:00:00
CHE,EVE,2568,16,8455,8668,1,1,2010-12-04 00:00:00
TOT,LIV,2550,15,8586,8650,2,1,2010-11-28 00:00:00
NEW,CHE,2554,15,10261,8455,1,1,2010-11-28 00:00:00
MUN,BLB,2549,15,10260,8655,7,1,2010-11-27 00:00:00
WHU,WIG,2551,15,8654,8528,3,1,2010-11-27 00:00:00
AVL,ARS,2552,15,10252,9825,2,4,2010-11-27 00:00:00
EVE,WBA,2553,15,8668,8659,1,4,2010-11-27 00:00:00
WOL,SUN,2555,15,8602,8472,3,2,2010-11-27 00:00:00
FUL,BIR,2556,15,9879,8658,1,1,2010-11-27 00:00:00
BOL,BLA,2557,15,8559,8483,2,2,2010-11-27 00:00:00
STK,MCI,2558,15,10194,8456,1,1,2010-11-27 00:00:00
SUN,EVE,2542,14,8472,8668,2,2,2010-11-22 00:00:00
BLB,AVL,2543,14,8655,10252,2,0,2010-11-21 00:00:00
FUL,MCI,2544,14,9879,8456,1,4,2010-11-21 00:00:00
MUN,WIG,2539,14,10260,8528,2,0,2010-11-20 00:00:00
ARS,TOT,2540,14,9825,8586,2,3,2010-11-20 00:00:00
LIV,WHU,2541,14,8650,8654,3,0,2010-11-20 00:00:00
BIR,CHE,2545,14,8658,8455,1,0,2010-11-20 00:00:00
BOL,NEW,2546,14,8559,10261,5,1,2010-11-20 00:00:00
WBA,STK,2547,14,8659,10194,0,3,2010-11-20 00:00:00
BLA,WOL,2548,14,8483,8602,2,1,2010-11-20 00:00:00
EVE,ARS,2532,13,8668,9825,1,2,2010-11-14 00:00:00
CHE,SUN,2538,13,8455,8472,0,3,2010-11-14 00:00:00
TOT,BLB,2529,13,8586,8655,4,2,2010-11-13 00:00:00
WHU,BLA,2530,13,8654,8483,0,0,2010-11-13 00:00:00
AVL,MUN,2531,13,10252,10260,2,2,2010-11-13 00:00:00
NEW,FUL,2533,13,10261,9879,0,0,2010-11-13 00:00:00
MCI,BIR,2534,13,8456,8658,0,0,2010-11-13 00:00:00
WOL,BOL,2535,13,8602,8559,2,3,2010-11-13 00:00:00
STK,LIV,2536,13,10194,8650,2,0,2010-11-13 00:00:00
WIG,WBA,2537,13,8528,8659,1,0,2010-11-13 00:00:00
WHU,WBA,2520,12,8654,8659,2,2,2010-11-10 00:00:00
WOL,ARS,2521,12,8602,9825,0,2,2010-11-10 00:00:00
WIG,LIV,2523,12,8528,8650,1,1,2010-11-10 00:00:00
AVL,BLA,2524,12,10252,8483,3,2,2010-11-10 00:00:00
EVE,BOL,2525,12,8668,8559,1,1,2010-11-10 00:00:00
NEW,BLB,2526,12,10261,8655,1,2,2010-11-10 00:00:00
MCI,MUN,2527,12,8456,10260,0,0,2010-11-10 00:00:00
CHE,FUL,2528,12,8455,9879,1,0,2010-11-10 00:00:00
TOT,SUN,2519,12,8586,8472,1,1,2010-11-09 00:00:00
STK,BIR,2522,12,10194,8658,3,2,2010-11-09 00:00:00
ARS,NEW,2510,11,9825,10261,0,1,2010-11-07 00:00:00
LIV,CHE,2511,11,8650,8455,2,0,2010-11-07 00:00:00
WBA,MCI,2517,11,8659,8456,0,2,2010-11-07 00:00:00
MUN,WOL,2509,11,10260,8602,2,1,2010-11-06 00:00:00
SUN,STK,2512,11,8472,10194,2,0,2010-11-06 00:00:00
BLB,WIG,2513,11,8655,8528,2,1,2010-11-06 00:00:00
FUL,AVL,2514,11,9879,10252,1,1,2010-11-06 00:00:00
BIR,WHU,2515,11,8658,8654,2,2,2010-11-06 00:00:00
BOL,TOT,2516,11,8559,8586,4,2,2010-11-06 00:00:00
BLA,EVE,2518,11,8483,8668,2,2,2010-11-06 00:00:00
BLA,WBA,2508,10,8483,8659,2,1,2010-11-01 00:00:00
AVL,BIR,2501,10,10252,8658,0,0,2010-10-31 00:00:00
NEW,SUN,2503,10,10261,8472,5,1,2010-10-31 00:00:00
BOL,LIV,2507,10,8559,8650,0,1,2010-10-31 00:00:00
MUN,TOT,2499,10,10260,8586,2,0,2010-10-30 00:00:00
ARS,WHU,2500,10,9825,8654,1,0,2010-10-30 00:00:00
EVE,STK,2502,10,8668,10194,1,0,2010-10-30 00:00:00
WOL,MCI,2504,10,8602,8456,2,1,2010-10-30 00:00:00
BLB,CHE,2505,10,8655,8455,1,2,2010-10-30 00:00:00
FUL,WIG,2506,10,9879,8528,2,0,2010-10-30 00:00:00
LIV,BLB,2859,9,8650,8655,2,1,2010-10-24 00:00:00
MCI,ARS,2863,9,8456,9825,0,3,2010-10-24 00:00:00
STK,MUN,2866,9,10194,10260,1,2,2010-10-24 00:00:00
SUN,AVL,2860,9,8472,10252,1,0,2010-10-23 00:00:00
TOT,EVE,2861,9,8586,8668,1,1,2010-10-23 00:00:00
WHU,NEW,2862,9,8654,10261,1,2,2010-10-23 00:00:00
BIR,BLA,2864,9,8658,8483,2,0,2010-10-23 00:00:00
WBA,FUL,2865,9,8659,9879,2,1,2010-10-23 00:00:00
WIG,BOL,2867,9,8528,8559,1,1,2010-10-23 00:00:00
CHE,WOL,2868,9,8455,8602,2,0,2010-10-23 00:00:00
BLB,SUN,2855,8,8655,8472,0,0,2010-10-18 00:00:00
EVE,LIV,2852,8,8668,8650,2,0,2010-10-17 00:00:00
BLA,MCI,2858,8,8483,8456,2,3,2010-10-17 00:00:00
MUN,WBA,2849,8,10260,8659,2,2,2010-10-16 00:00:00
ARS,BIR,2850,8,9825,8658,2,1,2010-10-16 00:00:00
AVL,CHE,2851,8,10252,8455,0,0,2010-10-16 00:00:00
NEW,WIG,2853,8,10261,8528,2,2,2010-10-16 00:00:00
WOL,WHU,2854,8,8602,8654,1,1,2010-10-16 00:00:00
FUL,TOT,2856,8,9879,8586,1,2,2010-10-16 00:00:00
BOL,STK,2857,8,8559,10194,2,1,2010-10-16 00:00:00
LIV,BLA,2839,7,8650,8483,1,2,2010-10-03 00:00:00
MCI,NEW,2843,7,8456,10261,2,1,2010-10-03 00:00:00
CHE,ARS,2848,7,8455,9825,2,0,2010-10-03 00:00:00
SUN,MUN,2840,7,8472,10260,0,0,2010-10-02 00:00:00
TOT,AVL,2841,7,8586,10252,2,1,2010-10-02 00:00:00
WHU,FUL,2842,7,8654,9879,1,1,2010-10-02 00:00:00
BIR,EVE,2844,7,8658,8668,0,2,2010-10-02 00:00:00
WBA,BOL,2845,7,8659,8559,1,1,2010-10-02 00:00:00
STK,BLB,2846,7,10194,8655,1,0,2010-10-02 00:00:00
WIG,WOL,2847,7,8528,8602,2,0,2010-10-02 00:00:00
NEW,STK,2832,6,10261,10194,1,2,2010-09-26 00:00:00
WOL,AVL,2834,6,8602,10252,1,2,2010-09-26 00:00:00
BOL,MUN,2837,6,8559,10260,2,2,2010-09-26 00:00:00
ARS,WBA,2829,6,9825,8659,2,3,2010-09-25 00:00:00
LIV,SUN,2830,6,8650,8472,2,2,2010-09-25 00:00:00
WHU,TOT,2831,6,8654,8586,1,0,2010-09-25 00:00:00
MCI,CHE,2833,6,8456,8455,1,0,2010-09-25 00:00:00
FUL,EVE,2835,6,9879,8668,0,0,2010-09-25 00:00:00
BIR,WIG,2836,6,8658,8528,0,0,2010-09-25 00:00:00
BLA,BLB,2838,6,8483,8655,1,2,2010-09-25 00:00:00
MUN,LIV,2819,5,10260,8650,3,2,2010-09-19 00:00:00
WIG,MCI,2827,5,8528,8456,0,2,2010-09-19 00:00:00
CHE,BLA,2828,5,8455,8483,4,0,2010-09-19 00:00:00
SUN,ARS,2820,5,8472,9825,1,1,2010-09-18 00:00:00
TOT,WOL,2821,5,8586,8602,3,1,2010-09-18 00:00:00
AVL,BOL,2822,5,10252,8559,1,1,2010-09-18 00:00:00
EVE,NEW,2823,5,8668,10261,0,1,2010-09-18 00:00:00
BLB,FUL,2824,5,8655,9879,1,1,2010-09-18 00:00:00
WBA,BIR,2825,5,8659,8658,3,1,2010-09-18 00:00:00
STK,WHU,2826,5,10194,8654,1,1,2010-09-18 00:00:00
STK,AVL,2817,4,10194,10252,2,1,2010-09-13 00:00:00
BIR,LIV,2815,4,8658,8650,0,0,2010-09-12 00:00:00
ARS,BOL,2809,4,9825,8559,4,1,2010-09-11 00:00:00
WHU,CHE,2810,4,8654,8455,1,3,2010-09-11 00:00:00
EVE,MUN,2811,4,8668,10260,3,3,2010-09-11 00:00:00
NEW,BLA,2812,4,10261,8483,0,2,2010-09-11 00:00:00
MCI,BLB,2813,4,8456,8655,1,1,2010-09-11 00:00:00
FUL,WOL,2814,4,9879,8602,2,1,2010-09-11 00:00:00
WBA,TOT,2816,4,8659,8586,1,1,2010-09-11 00:00:00
WIG,SUN,2818,4,8528,8472,1,1,2010-09-11 00:00:00
LIV,WBA,2710,3,8650,8659,1,0,2010-08-29 00:00:00
SUN,MCI,2711,3,8472,8456,1,0,2010-08-29 00:00:00
AVL,EVE,2713,3,10252,8668,1,0,2010-08-29 00:00:00
BOL,BIR,2716,3,8559,8658,2,2,2010-08-29 00:00:00
MUN,WHU,2709,3,10260,8654,3,0,2010-08-28 00:00:00
TOT,WIG,2712,3,8586,8528,0,1,2010-08-28 00:00:00
WOL,NEW,2714,3,8602,10261,1,1,2010-08-28 00:00:00
BLB,ARS,2715,3,8655,9825,1,2,2010-08-28 00:00:00
BLA,FUL,2717,3,8483,9879,2,2,2010-08-28 00:00:00
CHE,STK,2718,3,8455,10194,2,0,2010-08-28 00:00:00
MCI,LIV,2603,2,8456,8650,3,0,2010-08-23 00:00:00
NEW,AVL,2602,2,10261,10252,6,0,2010-08-22 00:00:00
FUL,MUN,2604,2,9879,10260,2,2,2010-08-22 00:00:00
ARS,BLA,2599,2,9825,8483,6,0,2010-08-21 00:00:00
WHU,BOL,2600,2,8654,8559,1,3,2010-08-21 00:00:00
EVE,WOL,2601,2,8668,8602,1,1,2010-08-21 00:00:00
BIR,BLB,2605,2,8658,8655,2,1,2010-08-21 00:00:00
WBA,SUN,2606,2,8659,8472,1,0,2010-08-21 00:00:00
STK,TOT,2607,2,10194,8586,1,2,2010-08-21 00:00:00
WIG,CHE,2608,2,8528,8455,0,6,2010-08-21 00:00:00
MUN,NEW,2494,1,10260,10261,3,0,2010-08-16 00:00:00
LIV,ARS,2493,1,8650,9825,1,1,2010-08-15 00:00:00
AVL,WHU,2489,1,10252,8654,3,0,2010-08-14 00:00:00
BLB,EVE,2490,1,8655,8668,1,0,2010-08-14 00:00:00
BOL,FUL,2491,1,8559,9879,0,0,2010-08-14 00:00:00
CHE,WBA,2492,1,8455,8659,6,0,2010-08-14 00:00:00
SUN,BIR,2495,1,8472,8658,2,2,2010-08-14 00:00:00
TOT,MCI,2496,1,8586,8456,0,0,2010-08-14 00:00:00
WOL,STK,2497,1,8602,10194,2,1,2010-08-14 00:00:00
WIG,BLA,2498,1,8528,8483,0,4,2010-08-14 00:00:00
WOL,SUN,2419,38,8602,8472,2,1,2010-05-09 00:00:00
EVE,POR,2420,38,8668,8462,1,0,2010-05-09 00:00:00
CHE,WIG,2421,38,8455,8528,8,0,2010-05-09 00:00:00
BUR,TOT,2422,38,8191,8586,4,2,2010-05-09 00:00:00
BOL,BIR,2423,38,8559,8658,2,1,2010-05-09 00:00:00
AVL,BLB,2424,38,10252,8655,0,1,2010-05-09 00:00:00
ARS,FUL,2425,38,9825,9879,4,0,2010-05-09 00:00:00
MUN,STK,2426,38,10260,10194,4,0,2010-05-09 00:00:00
WHU,MCI,2427,38,8654,8456,1,1,2010-05-09 00:00:00
HUL,LIV,2428,38,8667,8650,0,0,2010-05-09 00:00:00
MCI,TOT,2321,29,8456,8586,0,1,2010-05-05 00:00:00
FUL,STK,2328,29,9879,10194,0,1,2010-05-05 00:00:00
WIG,HUL,2409,37,8528,8667,2,2,2010-05-03 00:00:00
BLB,ARS,2416,37,8655,9825,2,1,2010-05-03 00:00:00
SUN,MUN,2411,37,8472,10260,0,1,2010-05-02 00:00:00
FUL,WHU,2417,37,9879,8654,3,2,2010-05-02 00:00:00
LIV,CHE,2418,37,8650,8455,0,2,2010-05-02 00:00:00
TOT,BOL,2410,37,8586,8559,1,0,2010-05-01 00:00:00
STK,EVE,2412,37,10194,8668,0,0,2010-05-01 00:00:00
POR,WOL,2413,37,8462,8602,3,1,2010-05-01 00:00:00
MCI,AVL,2414,37,8456,10252,3,1,2010-05-01 00:00:00
BIR,BUR,2415,37,8658,8191,2,1,2010-05-01 00:00:00
EVE,FUL,2399,36,8668,9879,2,1,2010-04-25 00:00:00
CHE,STK,2404,36,8455,10194,7,0,2010-04-25 00:00:00
BUR,LIV,2405,36,8191,8650,0,4,2010-04-25 00:00:00
AVL,BIR,2407,36,10252,8658,1,0,2010-04-25 00:00:00
HUL,SUN,2400,36,8667,8472,0,1,2010-04-24 00:00:00
WOL,BLB,2401,36,8602,8655,1,1,2010-04-24 00:00:00
WHU,WIG,2402,36,8654,8528,3,2,2010-04-24 00:00:00
MUN,TOT,2403,36,10260,8586,3,1,2010-04-24 00:00:00
BOL,POR,2406,36,8559,8462,2,2,2010-04-24 00:00:00
ARS,MCI,2408,36,9825,8456,0,0,2010-04-24 00:00:00
HUL,AVL,2314,28,8667,10252,0,2,2010-04-21 00:00:00
LIV,WHU,2394,35,8650,8654,3,0,2010-04-19 00:00:00
WIG,ARS,2389,35,8528,9825,3,2,2010-04-18 00:00:00
POR,AVL,2393,35,8462,10252,1,2,2010-04-18 00:00:00
TOT,CHE,2390,35,8586,8455,2,1,2010-04-17 00:00:00
SUN,BUR,2391,35,8472,8191,2,1,2010-04-17 00:00:00
STK,BOL,2392,35,10194,8559,1,2,2010-04-17 00:00:00
FUL,WOL,2395,35,9879,8602,0,0,2010-04-17 00:00:00
BLB,EVE,2396,35,8655,8668,2,3,2010-04-17 00:00:00
BIR,HUL,2397,35,8658,8667,0,0,2010-04-17 00:00:00
MCI,MUN,2398,35,8456,10260,0,1,2010-04-17 00:00:00
WIG,POR,2381,34,8528,8462,0,0,2010-04-14 00:00:00
TOT,ARS,2382,34,8586,9825,2,1,2010-04-14 00:00:00
AVL,EVE,2388,34,10252,8668,2,2,2010-04-14 00:00:00
CHE,BOL,2386,34,8455,8559,1,0,2010-04-13 00:00:00
WOL,STK,2380,34,8602,10194,0,0,2010-04-11 00:00:00
MCI,BIR,2383,34,8456,8658,5,1,2010-04-11 00:00:00
LIV,FUL,2384,34,8650,9879,0,0,2010-04-11 00:00:00
BLB,MUN,2387,34,8655,10260,0,0,2010-04-11 00:00:00
WHU,SUN,2379,34,8654,8472,1,0,2010-04-10 00:00:00
HUL,BUR,2385,34,8667,8191,1,4,2010-04-10 00:00:00
FUL,WIG,2373,33,9879,8528,2,1,2010-04-04 00:00:00
EVE,WHU,2374,33,8668,8654,2,2,2010-04-04 00:00:00
BIR,LIV,2377,33,8658,8650,1,1,2010-04-04 00:00:00
SUN,TOT,2369,33,8472,8586,3,1,2010-04-03 00:00:00
STK,HUL,2370,33,10194,8667,2,0,2010-04-03 00:00:00
POR,BLB,2371,33,8462,8655,0,0,2010-04-03 00:00:00
MUN,CHE,2372,33,10260,8455,1,2,2010-04-03 00:00:00
BUR,MCI,2375,33,8191,8456,1,6,2010-04-03 00:00:00
BOL,AVL,2376,33,8559,10252,0,1,2010-04-03 00:00:00
ARS,WOL,2378,33,9825,8602,1,0,2010-04-03 00:00:00
MCI,WIG,2360,32,8456,8528,3,0,2010-03-29 00:00:00
LIV,SUN,2359,32,8650,8472,3,0,2010-03-28 00:00:00
BUR,BLB,2367,32,8191,8655,0,1,2010-03-28 00:00:00
TOT,POR,2361,32,8586,8462,2,0,2010-03-27 00:00:00
BOL,MUN,2362,32,8559,10260,0,4,2010-03-27 00:00:00
WHU,STK,2363,32,8654,10194,0,1,2010-03-27 00:00:00
WOL,EVE,2364,32,8602,8668,0,0,2010-03-27 00:00:00
HUL,FUL,2365,32,8667,9879,2,0,2010-03-27 00:00:00
CHE,AVL,2366,32,8455,10252,7,1,2010-03-27 00:00:00
BIR,ARS,2368,32,8658,9825,1,1,2010-03-27 00:00:00
MCI,EVE,2228,2,8456,8668,0,2,2010-03-24 00:00:00
POR,CHE,2322,29,8462,8455,0,5,2010-03-24 00:00:00
BLB,BIR,2324,29,8655,8658,2,1,2010-03-24 00:00:00
AVL,SUN,2325,29,10252,8472,1,1,2010-03-24 00:00:00
WHU,WOL,2240,21,8654,8602,1,3,2010-03-23 00:00:00
BLB,CHE,2353,31,8655,8455,1,1,2010-03-21 00:00:00
FUL,MCI,2356,31,9879,8456,1,2,2010-03-21 00:00:00
MUN,LIV,2357,31,10260,8650,2,1,2010-03-21 00:00:00
WIG,BUR,2349,31,8528,8191,1,0,2010-03-20 00:00:00
SUN,BIR,2350,31,8472,8658,3,1,2010-03-20 00:00:00
ARS,WHU,2351,31,9825,8654,2,0,2010-03-20 00:00:00
AVL,WOL,2352,31,10252,8602,2,2,2010-03-20 00:00:00
POR,HUL,2354,31,8462,8667,3,2,2010-03-20 00:00:00
EVE,BOL,2355,31,8668,8559,2,0,2010-03-20 00:00:00
STK,TOT,2358,31,10194,8586,1,2,2010-03-20 00:00:00
WIG,AVL,2239,21,8528,10252,1,2,2010-03-16 00:00:00
LIV,POR,2343,30,8650,8462,4,1,2010-03-15 00:00:00
SUN,MCI,2340,30,8472,8456,1,1,2010-03-14 00:00:00
MUN,FUL,2342,30,10260,9879,3,0,2010-03-14 00:00:00
TOT,BLB,2339,30,8586,8655,3,1,2010-03-13 00:00:00
STK,AVL,2341,30,10194,10252,0,0,2010-03-13 00:00:00
HUL,ARS,2344,30,8667,9825,1,2,2010-03-13 00:00:00
BIR,EVE,2345,30,8658,8668,2,2,2010-03-13 00:00:00
BOL,WIG,2346,30,8559,8528,4,0,2010-03-13 00:00:00
BUR,WOL,2347,30,8191,8602,1,2,2010-03-13 00:00:00
CHE,WHU,2348,30,8455,8654,4,1,2010-03-13 00:00:00
BUR,STK,2245,21,8191,10194,1,1,2010-03-10 00:00:00
SUN,BOL,2246,21,8472,8559,4,0,2010-03-09 00:00:00
POR,BIR,2249,22,8462,8658,1,2,2010-03-09 00:00:00
WIG,LIV,2319,29,8528,8650,1,0,2010-03-08 00:00:00
EVE,HUL,2323,29,8668,8667,5,1,2010-03-07 00:00:00
WHU,BOL,2320,29,8654,8559,1,2,2010-03-06 00:00:00
ARS,BUR,2326,29,9825,8191,3,1,2010-03-06 00:00:00
WOL,MUN,2327,29,8602,10260,0,1,2010-03-06 00:00:00
SUN,FUL,2309,28,8472,9879,0,0,2010-02-28 00:00:00
TOT,EVE,2310,28,8586,8668,2,1,2010-02-28 00:00:00
LIV,BLB,2313,28,8650,8655,2,1,2010-02-28 00:00:00
STK,ARS,2311,28,10194,9825,1,3,2010-02-27 00:00:00
CHE,MCI,2315,28,8455,8456,2,4,2010-02-27 00:00:00
BIR,WIG,2316,28,8658,8528,1,0,2010-02-27 00:00:00
BUR,POR,2317,28,8191,8462,1,2,2010-02-27 00:00:00
BOL,WOL,2318,28,8559,8602,1,0,2010-02-27 00:00:00
MUN,WHU,2312,28,10260,8654,3,0,2010-02-23 00:00:00
FUL,BIR,2299,27,9879,8658,2,1,2010-02-21 00:00:00
BLB,BOL,2302,27,8655,8559,3,0,2010-02-21 00:00:00
WIG,TOT,2305,27,8528,8586,0,3,2010-02-21 00:00:00
MCI,LIV,2307,27,8456,8650,0,0,2010-02-21 00:00:00
AVL,BUR,2308,27,10252,8191,5,2,2010-02-21 00:00:00
POR,STK,2300,27,8462,10194,1,2,2010-02-20 00:00:00
WHU,HUL,2301,27,8654,8667,3,0,2010-02-20 00:00:00
EVE,MUN,2303,27,8668,10260,3,1,2010-02-20 00:00:00
ARS,SUN,2304,27,9825,8472,2,0,2010-02-20 00:00:00
WOL,CHE,2306,27,8602,8455,0,2,2010-02-20 00:00:00
WIG,BOL,2201,18,8528,8559,0,0,2010-02-17 00:00:00
STK,MCI,2261,23,10194,8456,1,1,2010-02-16 00:00:00
ARS,LIV,2289,26,9825,8650,1,0,2010-02-10 00:00:00
WHU,BIR,2291,26,8654,8658,2,0,2010-02-10 00:00:00
WOL,TOT,2292,26,8602,8586,1,0,2010-02-10 00:00:00
BLB,HUL,2295,26,8655,8667,1,0,2010-02-10 00:00:00
AVL,MUN,2296,26,10252,10260,1,1,2010-02-10 00:00:00
EVE,CHE,2297,26,8668,8455,2,1,2010-02-10 00:00:00
FUL,BUR,2290,26,9879,8191,3,0,2010-02-09 00:00:00
WIG,STK,2293,26,8528,10194,1,1,2010-02-09 00:00:00
POR,SUN,2294,26,8462,8472,1,1,2010-02-09 00:00:00
MCI,BOL,2298,26,8456,8559,2,0,2010-02-09 00:00:00
CHE,ARS,2284,25,8455,9825,2,0,2010-02-07 00:00:00
BIR,WOL,2288,25,8658,8602,2,1,2010-02-07 00:00:00
MUN,POR,2279,25,10260,8462,5,0,2010-02-06 00:00:00
STK,BLB,2280,25,10194,8655,3,0,2010-02-06 00:00:00
SUN,WIG,2281,25,8472,8528,1,1,2010-02-06 00:00:00
TOT,AVL,2282,25,8586,10252,0,0,2010-02-06 00:00:00
BUR,WHU,2283,25,8191,8654,2,1,2010-02-06 00:00:00
BOL,FUL,2285,25,8559,9879,0,0,2010-02-06 00:00:00
HUL,MCI,2286,25,8667,8456,2,1,2010-02-06 00:00:00
LIV,EVE,2287,25,8650,8668,1,0,2010-02-06 00:00:00
FUL,POR,2244,21,9879,8462,1,0,2010-02-03 00:00:00
HUL,CHE,2243,21,8667,8455,1,1,2010-02-02 00:00:00
SUN,STK,2271,24,8472,10194,0,0,2010-02-01 00:00:00
MCI,POR,2272,24,8456,8462,2,0,2010-01-31 00:00:00
ARS,MUN,2277,24,9825,10260,1,3,2010-01-31 00:00:00
WHU,BLB,2269,24,8654,8655,0,0,2010-01-30 00:00:00
WIG,EVE,2270,24,8528,8668,0,1,2010-01-30 00:00:00
LIV,BOL,2273,24,8650,8559,2,0,2010-01-30 00:00:00
HUL,WOL,2274,24,8667,8602,2,2,2010-01-30 00:00:00
FUL,AVL,2275,24,9879,10252,0,2,2010-01-30 00:00:00
BUR,CHE,2276,24,8191,8455,1,2,2010-01-30 00:00:00
BIR,TOT,2278,24,8658,8586,1,1,2010-01-30 00:00:00
EVE,SUN,2265,23,8668,8472,2,0,2010-01-27 00:00:00
CHE,BIR,2266,23,8455,8658,3,0,2010-01-27 00:00:00
BLB,WIG,2267,23,8655,8528,2,1,2010-01-27 00:00:00
AVL,ARS,2268,23,10252,9825,0,0,2010-01-27 00:00:00
WOL,LIV,2259,23,8602,8650,0,0,2010-01-26 00:00:00
TOT,FUL,2260,23,8586,9879,2,0,2010-01-26 00:00:00
POR,WHU,2262,23,8462,8654,1,1,2010-01-26 00:00:00
BOL,BUR,2264,23,8559,8191,1,0,2010-01-26 00:00:00
MUN,HUL,2263,23,10260,8667,4,0,2010-01-23 00:00:00
ARS,BOL,2219,2,9825,8559,4,2,2010-01-20 00:00:00
LIV,TOT,2242,21,8650,8586,2,0,2010-01-20 00:00:00
BOL,ARS,2256,22,8559,9825,0,2,2010-01-17 00:00:00
BLB,FUL,2257,22,8655,9879,2,0,2010-01-17 00:00:00
AVL,WHU,2258,22,10252,8654,0,0,2010-01-17 00:00:00
STK,LIV,2250,22,10194,8650,1,1,2010-01-16 00:00:00
TOT,HUL,2251,22,8586,8667,0,0,2010-01-16 00:00:00
WOL,WIG,2252,22,8602,8528,0,2,2010-01-16 00:00:00
MUN,BUR,2253,22,10260,8191,3,0,2010-01-16 00:00:00
EVE,MCI,2254,22,8668,8456,2,0,2010-01-16 00:00:00
CHE,SUN,2255,22,8455,8472,7,2,2010-01-16 00:00:00
MCI,BLB,2241,21,8456,8655,4,1,2010-01-11 00:00:00
BIR,MUN,2247,21,8658,10260,1,1,2010-01-09 00:00:00
ARS,EVE,2248,21,9825,8668,2,2,2010-01-09 00:00:00
STK,FUL,2191,17,10194,9879,3,2,2010-01-05 00:00:00
POR,ARS,2232,20,8462,9825,1,4,2009-12-30 00:00:00
MUN,WIG,2238,20,10260,8528,5,0,2009-12-30 00:00:00
BOL,HUL,2235,20,8559,8667,2,2,2009-12-29 00:00:00
AVL,LIV,2237,20,10252,8650,0,1,2009-12-29 00:00:00
WOL,MCI,2229,20,8602,8456,0,3,2009-12-28 00:00:00
TOT,WHU,2230,20,8586,8654,2,0,2009-12-28 00:00:00
STK,BIR,2231,20,10194,8658,0,1,2009-12-28 00:00:00
EVE,BUR,2233,20,8668,8191,2,0,2009-12-28 00:00:00
CHE,FUL,2234,20,8455,9879,2,1,2009-12-28 00:00:00
BLB,SUN,2236,20,8655,8472,2,2,2009-12-28 00:00:00
HUL,MUN,2214,19,8667,10260,1,3,2009-12-27 00:00:00
ARS,AVL,2218,19,9825,10252,3,0,2009-12-27 00:00:00
WIG,BLB,2209,19,8528,8655,1,1,2009-12-26 00:00:00
WHU,POR,2210,19,8654,8462,2,0,2009-12-26 00:00:00
SUN,EVE,2211,19,8472,8668,1,1,2009-12-26 00:00:00
MCI,STK,2212,19,8456,10194,2,0,2009-12-26 00:00:00
LIV,WOL,2213,19,8650,8602,2,0,2009-12-26 00:00:00
FUL,TOT,2215,19,9879,8586,0,0,2009-12-26 00:00:00
BUR,BOL,2216,19,8191,8559,1,1,2009-12-26 00:00:00
BIR,CHE,2217,19,8658,8455,0,0,2009-12-26 00:00:00
WOL,BUR,2200,18,8602,8191,2,0,2009-12-20 00:00:00
WHU,CHE,2202,18,8654,8455,1,1,2009-12-20 00:00:00
EVE,BIR,2206,18,8668,8658,1,1,2009-12-20 00:00:00
ARS,HUL,2199,18,9825,8667,3,0,2009-12-19 00:00:00
POR,LIV,2203,18,8462,8650,2,0,2009-12-19 00:00:00
MCI,SUN,2204,18,8456,8472,4,3,2009-12-19 00:00:00
FUL,MUN,2205,18,9879,10260,3,0,2009-12-19 00:00:00
BLB,TOT,2207,18,8655,8586,0,2,2009-12-19 00:00:00
AVL,STK,2208,18,10252,10194,1,0,2009-12-19 00:00:00
TOT,MCI,2189,17,8586,8456,3,0,2009-12-16 00:00:00
BUR,ARS,2194,17,8191,9825,1,1,2009-12-16 00:00:00
LIV,WIG,2197,17,8650,8528,2,1,2009-12-16 00:00:00
CHE,POR,2198,17,8455,8462,2,1,2009-12-16 00:00:00
SUN,AVL,2190,17,8472,10252,0,2,2009-12-15 00:00:00
MUN,WOL,2192,17,10260,8602,3,0,2009-12-15 00:00:00
BOL,WHU,2195,17,8559,8654,3,1,2009-12-15 00:00:00
BIR,BLB,2196,17,8658,8655,2,1,2009-12-15 00:00:00
LIV,ARS,2183,16,8650,9825,1,2,2009-12-13 00:00:00
MUN,AVL,2179,16,10260,10252,0,1,2009-12-12 00:00:00
STK,WIG,2180,16,10194,8528,2,2,2009-12-12 00:00:00
SUN,POR,2181,16,8472,8462,1,1,2009-12-12 00:00:00
TOT,WOL,2182,16,8586,8602,0,1,2009-12-12 00:00:00
HUL,BLB,2184,16,8667,8655,0,0,2009-12-12 00:00:00
CHE,EVE,2185,16,8455,8668,3,3,2009-12-12 00:00:00
BUR,FUL,2186,16,8191,9879,1,1,2009-12-12 00:00:00
BOL,MCI,2187,16,8559,8456,3,3,2009-12-12 00:00:00
BIR,WHU,2188,16,8658,8654,1,0,2009-12-12 00:00:00
FUL,SUN,2174,15,9879,8472,1,0,2009-12-06 00:00:00
EVE,TOT,2175,15,8668,8586,2,2,2009-12-06 00:00:00
POR,BUR,2169,15,8462,8191,2,0,2009-12-05 00:00:00
WHU,MUN,2170,15,8654,10260,0,4,2009-12-05 00:00:00
WIG,BIR,2171,15,8528,8658,2,3,2009-12-05 00:00:00
WOL,BOL,2172,15,8602,8559,2,1,2009-12-05 00:00:00
MCI,CHE,2173,15,8456,8455,2,1,2009-12-05 00:00:00
BLB,LIV,2176,15,8655,8650,0,0,2009-12-05 00:00:00
AVL,HUL,2177,15,10252,8667,3,0,2009-12-05 00:00:00
ARS,STK,2178,15,9825,10194,2,0,2009-12-05 00:00:00
WOL,BIR,2161,14,8602,8658,0,1,2009-11-29 00:00:00
EVE,LIV,2164,14,8668,8650,0,2,2009-11-29 00:00:00
ARS,CHE,2167,14,9825,8455,0,3,2009-11-29 00:00:00
POR,MUN,2159,14,8462,10260,1,4,2009-11-28 00:00:00
WHU,BUR,2160,14,8654,8191,5,3,2009-11-28 00:00:00
MCI,HUL,2162,14,8456,8667,1,1,2009-11-28 00:00:00
FUL,BOL,2163,14,9879,8559,1,1,2009-11-28 00:00:00
BLB,STK,2165,14,8655,10194,0,0,2009-11-28 00:00:00
AVL,TOT,2166,14,10252,8586,1,1,2009-11-28 00:00:00
WIG,SUN,2168,14,8528,8472,1,0,2009-11-28 00:00:00
HUL,EVE,2193,17,8667,8668,3,2,2009-11-25 00:00:00
FUL,BLB,2222,2,9879,8655,3,0,2009-11-25 00:00:00
STK,POR,2151,13,10194,8462,1,0,2009-11-22 00:00:00
TOT,WIG,2157,13,8586,8528,9,1,2009-11-22 00:00:00
BOL,BLB,2158,13,8559,8655,0,2,2009-11-22 00:00:00
BIR,FUL,2149,13,8658,9879,1,0,2009-11-21 00:00:00
SUN,ARS,2150,13,8472,9825,1,0,2009-11-21 00:00:00
BUR,AVL,2152,13,8191,10252,1,1,2009-11-21 00:00:00
CHE,WOL,2153,13,8455,8602,4,0,2009-11-21 00:00:00
HUL,WHU,2154,13,8667,8654,3,3,2009-11-21 00:00:00
LIV,MCI,2155,13,8650,8456,2,2,2009-11-21 00:00:00
MUN,EVE,2156,13,10260,8668,3,0,2009-11-21 00:00:00
LIV,BIR,2145,12,8650,8658,2,2,2009-11-09 00:00:00
WIG,FUL,2139,12,8528,9879,1,1,2009-11-08 00:00:00
HUL,STK,2140,12,8667,10194,2,1,2009-11-08 00:00:00
WHU,EVE,2142,12,8654,8668,1,2,2009-11-08 00:00:00
CHE,MUN,2148,12,8455,10260,1,0,2009-11-08 00:00:00
WOL,ARS,2141,12,8602,9825,1,4,2009-11-07 00:00:00
TOT,SUN,2143,12,8586,8472,2,0,2009-11-07 00:00:00
MCI,BUR,2144,12,8456,8191,3,3,2009-11-07 00:00:00
AVL,BOL,2146,12,10252,8559,5,1,2009-11-07 00:00:00
BLB,POR,2147,12,8655,8462,3,1,2009-11-07 00:00:00
WHU,AVL,2221,2,8654,10252,2,1,2009-11-04 00:00:00
BIR,MCI,2135,11,8658,8456,0,0,2009-11-01 00:00:00
POR,WIG,2129,11,8462,8528,4,0,2009-10-31 00:00:00
MUN,BLB,2130,11,10260,8655,2,0,2009-10-31 00:00:00
FUL,LIV,2131,11,9879,8650,3,1,2009-10-31 00:00:00
EVE,AVL,2132,11,8668,10252,1,1,2009-10-31 00:00:00
BUR,HUL,2133,11,8191,8667,2,0,2009-10-31 00:00:00
BOL,CHE,2134,11,8559,8455,0,4,2009-10-31 00:00:00
ARS,TOT,2136,11,9825,8586,3,0,2009-10-31 00:00:00
STK,WOL,2137,11,10194,8602,2,2,2009-10-31 00:00:00
SUN,WHU,2138,11,8472,8654,2,2,2009-10-31 00:00:00
BOL,EVE,2121,10,8559,8668,3,2,2009-10-25 00:00:00
WHU,ARS,2124,10,8654,9825,2,2,2009-10-25 00:00:00
LIV,MUN,2127,10,8650,10260,2,0,2009-10-25 00:00:00
MCI,FUL,2128,10,8456,9879,2,2,2009-10-25 00:00:00
BUR,WIG,2119,10,8191,8528,1,3,2009-10-24 00:00:00
CHE,BLB,2120,10,8455,8655,5,0,2009-10-24 00:00:00
BIR,SUN,2122,10,8658,8472,2,1,2009-10-24 00:00:00
TOT,STK,2123,10,8586,10194,0,1,2009-10-24 00:00:00
WOL,AVL,2125,10,8602,10252,1,1,2009-10-24 00:00:00
HUL,POR,2126,10,8667,8462,0,0,2009-10-24 00:00:00
FUL,HUL,2481,9,9879,8667,2,0,2009-10-19 00:00:00
BLB,BUR,2483,9,8655,8191,3,2,2009-10-18 00:00:00
WIG,MCI,2486,9,8528,8456,1,1,2009-10-18 00:00:00
STK,WHU,2479,9,10194,8654,2,1,2009-10-17 00:00:00
MUN,BOL,2480,9,10260,8559,2,1,2009-10-17 00:00:00
EVE,WOL,2482,9,8668,8602,1,1,2009-10-17 00:00:00
AVL,CHE,2484,9,10252,8455,2,1,2009-10-17 00:00:00
SUN,LIV,2485,9,8472,8650,1,0,2009-10-17 00:00:00
POR,TOT,2487,9,8462,8586,1,2,2009-10-17 00:00:00
ARS,BIR,2488,9,9825,8658,3,1,2009-10-17 00:00:00
AVL,MCI,2477,8,10252,8456,1,1,2009-10-05 00:00:00
WHU,FUL,2471,8,8654,9879,2,2,2009-10-04 00:00:00
EVE,STK,2472,8,8668,10194,1,1,2009-10-04 00:00:00
CHE,LIV,2473,8,8455,8650,2,0,2009-10-04 00:00:00
ARS,BLB,2478,8,9825,8655,6,2,2009-10-04 00:00:00
MUN,SUN,2469,8,10260,8472,2,2,2009-10-03 00:00:00
WOL,POR,2470,8,8602,8462,0,1,2009-10-03 00:00:00
BUR,BIR,2474,8,8191,8658,2,1,2009-10-03 00:00:00
BOL,TOT,2475,8,8559,8586,2,2,2009-10-03 00:00:00
HUL,WIG,2476,8,8667,8528,2,1,2009-10-03 00:00:00
MCI,WHU,2465,7,8456,8654,3,1,2009-09-28 00:00:00
SUN,WOL,2462,7,8472,8602,5,2,2009-09-27 00:00:00
LIV,HUL,2459,7,8650,8667,6,1,2009-09-26 00:00:00
TOT,BUR,2460,7,8586,8191,5,0,2009-09-26 00:00:00
WIG,CHE,2461,7,8528,8455,3,1,2009-09-26 00:00:00
STK,MUN,2463,7,10194,10260,0,2,2009-09-26 00:00:00
POR,EVE,2464,7,8462,8668,0,1,2009-09-26 00:00:00
FUL,ARS,2466,7,9879,9825,0,1,2009-09-26 00:00:00
BLB,AVL,2467,7,8655,10252,2,1,2009-09-26 00:00:00
BIR,BOL,2468,7,8658,8559,1,2,2009-09-26 00:00:00
MUN,MCI,2449,6,10260,8456,4,3,2009-09-20 00:00:00
EVE,BLB,2453,6,8668,8655,3,0,2009-09-20 00:00:00
WOL,FUL,2454,6,8602,9879,2,1,2009-09-20 00:00:00
CHE,TOT,2458,6,8455,8586,3,0,2009-09-20 00:00:00
ARS,WIG,2450,6,9825,8528,4,0,2009-09-19 00:00:00
WHU,LIV,2451,6,8654,8650,2,3,2009-09-19 00:00:00
AVL,POR,2452,6,10252,8462,2,0,2009-09-19 00:00:00
BOL,STK,2455,6,8559,10194,1,1,2009-09-19 00:00:00
HUL,BIR,2456,6,8667,8658,0,1,2009-09-19 00:00:00
BUR,SUN,2457,6,8191,8472,3,1,2009-09-19 00:00:00
FUL,EVE,2444,5,9879,8668,2,1,2009-09-13 00:00:00
BIR,AVL,2445,5,8658,10252,0,1,2009-09-13 00:00:00
LIV,BUR,2439,5,8650,8191,4,0,2009-09-12 00:00:00
SUN,HUL,2440,5,8472,8667,4,1,2009-09-12 00:00:00
TOT,MUN,2441,5,8586,10260,1,3,2009-09-12 00:00:00
MCI,ARS,2442,5,8456,9825,4,2,2009-09-12 00:00:00
BLB,WOL,2443,5,8655,8602,3,1,2009-09-12 00:00:00
POR,BOL,2446,5,8462,8559,2,3,2009-09-12 00:00:00
STK,CHE,2447,5,10194,8455,1,2,2009-09-12 00:00:00
WIG,WHU,2448,5,8528,8654,1,0,2009-09-12 00:00:00
AVL,FUL,2431,4,10252,9879,2,0,2009-08-30 00:00:00
EVE,WIG,2432,4,8668,8528,2,1,2009-08-30 00:00:00
POR,MCI,2436,4,8462,8456,0,1,2009-08-30 00:00:00
MUN,ARS,2429,4,10260,9825,2,1,2009-08-29 00:00:00
TOT,BIR,2430,4,8586,8658,2,1,2009-08-29 00:00:00
WOL,HUL,2433,4,8602,8667,1,1,2009-08-29 00:00:00
BLB,WHU,2434,4,8655,8654,0,0,2009-08-29 00:00:00
BOL,LIV,2435,4,8559,8650,2,3,2009-08-29 00:00:00
STK,SUN,2437,4,10194,8472,1,0,2009-08-29 00:00:00
CHE,BUR,2438,4,8455,8191,3,0,2009-08-29 00:00:00
LIV,AVL,2330,3,8650,10252,1,3,2009-08-24 00:00:00
WHU,TOT,2332,3,8654,8586,1,2,2009-08-23 00:00:00
FUL,CHE,2334,3,9879,8455,0,2,2009-08-23 00:00:00
BUR,EVE,2337,3,8191,8668,1,0,2009-08-23 00:00:00
ARS,POR,2329,3,9825,8462,4,1,2009-08-22 00:00:00
SUN,BLB,2331,3,8472,8655,2,1,2009-08-22 00:00:00
MCI,WOL,2333,3,8456,8602,1,0,2009-08-22 00:00:00
BIR,STK,2335,3,8658,10194,0,0,2009-08-22 00:00:00
HUL,BOL,2336,3,8667,8559,1,0,2009-08-22 00:00:00
WIG,MUN,2338,3,8528,10260,0,5,2009-08-22 00:00:00
BIR,POR,2223,2,8658,8462,1,0,2009-08-19 00:00:00
HUL,TOT,2224,2,8667,8586,1,5,2009-08-19 00:00:00
BUR,MUN,2225,2,8191,10260,1,0,2009-08-19 00:00:00
LIV,STK,2227,2,8650,10194,4,0,2009-08-19 00:00:00
SUN,CHE,2220,2,8472,8455,1,3,2009-08-18 00:00:00
WIG,WOL,2226,2,8528,8602,0,1,2009-08-18 00:00:00
MUN,BIR,2109,1,10260,8658,1,0,2009-08-16 00:00:00
TOT,LIV,2110,1,8586,8650,2,1,2009-08-16 00:00:00
AVL,WIG,2111,1,10252,8528,0,2,2009-08-15 00:00:00
EVE,ARS,2112,1,8668,9825,1,6,2009-08-15 00:00:00
WOL,WHU,2113,1,8602,8654,0,2,2009-08-15 00:00:00
BLB,MCI,2114,1,8655,8456,0,2,2009-08-15 00:00:00
BOL,SUN,2115,1,8559,8472,0,1,2009-08-15 00:00:00
POR,FUL,2116,1,8462,9879,0,1,2009-08-15 00:00:00
STK,BUR,2117,1,10194,8191,2,0,2009-08-15 00:00:00
CHE,HUL,2118,1,8455,8667,2,1,2009-08-15 00:00:00
ARS,STK,2039,38,9825,10194,4,1,2009-05-24 00:00:00
LIV,TOT,2040,38,8650,8586,3,1,2009-05-24 00:00:00
SUN,CHE,2041,38,8472,8455,2,3,2009-05-24 00:00:00
WHU,MID,2042,38,8654,8549,2,1,2009-05-24 00:00:00
AVL,NEW,2043,38,10252,10261,1,0,2009-05-24 00:00:00
MCI,BOL,2044,38,8456,8559,1,0,2009-05-24 00:00:00
BLB,WBA,2045,38,8655,8659,0,0,2009-05-24 00:00:00
FUL,EVE,2046,38,9879,8668,0,2,2009-05-24 00:00:00
HUL,MUN,2047,38,8667,10260,0,1,2009-05-24 00:00:00
WIG,POR,2048,38,8528,8462,1,0,2009-05-24 00:00:00
POR,SUN,2036,37,8462,8472,3,1,2009-05-18 00:00:00
WBA,LIV,2035,37,8659,8650,0,2,2009-05-17 00:00:00
CHE,BLB,2038,37,8455,8655,2,0,2009-05-17 00:00:00
MUN,ARS,2029,37,10260,9825,0,0,2009-05-16 00:00:00
TOT,MCI,2030,37,8586,8456,2,1,2009-05-16 00:00:00
EVE,WHU,2031,37,8668,8654,3,1,2009-05-16 00:00:00
MID,AVL,2032,37,8549,10252,1,1,2009-05-16 00:00:00
NEW,FUL,2033,37,10261,9879,0,1,2009-05-16 00:00:00
BOL,HUL,2034,37,8559,8667,1,1,2009-05-16 00:00:00
STK,WIG,2037,37,10194,8528,2,0,2009-05-16 00:00:00
WIG,MUN,1997,33,8528,10260,1,2,2009-05-13 00:00:00
NEW,MID,2023,36,10261,8549,3,1,2009-05-11 00:00:00
MUN,MCI,2019,36,10260,8456,2,0,2009-05-10 00:00:00
ARS,CHE,2020,36,9825,8455,1,4,2009-05-10 00:00:00
WHU,LIV,2021,36,8654,8650,0,3,2009-05-09 00:00:00
EVE,TOT,2022,36,8668,8586,0,0,2009-05-09 00:00:00
BLB,POR,2024,36,8655,8462,2,0,2009-05-09 00:00:00
FUL,AVL,2025,36,9879,10252,3,1,2009-05-09 00:00:00
BOL,SUN,2026,36,8559,8472,0,0,2009-05-09 00:00:00
WBA,WIG,2027,36,8659,8528,3,1,2009-05-09 00:00:00
HUL,STK,2028,36,8667,10194,1,2,2009-05-09 00:00:00
AVL,HUL,2012,35,10252,8667,1,0,2009-05-04 00:00:00
LIV,NEW,2009,35,8650,10261,3,0,2009-05-03 00:00:00
SUN,EVE,2010,35,8472,8668,0,2,2009-05-03 00:00:00
TOT,WBA,2011,35,8586,8659,1,0,2009-05-02 00:00:00
MID,MUN,2013,35,8549,10260,0,2,2009-05-02 00:00:00
MCI,BLB,2014,35,8456,8655,3,1,2009-05-02 00:00:00
POR,ARS,2015,35,8462,9825,0,3,2009-05-02 00:00:00
STK,WHU,2016,35,10194,8654,0,1,2009-05-02 00:00:00
WIG,BOL,2017,35,8528,8559,0,0,2009-05-02 00:00:00
CHE,FUL,2018,35,8455,9879,3,1,2009-05-02 00:00:00
NEW,POR,2003,34,10261,8462,0,0,2009-04-27 00:00:00
ARS,MID,2000,34,9825,8549,2,0,2009-04-26 00:00:00
BLB,WIG,2004,34,8655,8528,2,0,2009-04-26 00:00:00
MUN,TOT,1999,34,10260,8586,5,2,2009-04-25 00:00:00
WHU,CHE,2001,34,8654,8455,0,1,2009-04-25 00:00:00
EVE,MCI,2002,34,8668,8456,1,2,2009-04-25 00:00:00
FUL,STK,2005,34,9879,10194,1,0,2009-04-25 00:00:00
BOL,AVL,2006,34,8559,10252,1,1,2009-04-25 00:00:00
WBA,SUN,2007,34,8659,8472,3,0,2009-04-25 00:00:00
HUL,LIV,2008,34,8667,8650,1,3,2009-04-25 00:00:00
MUN,POR,1919,27,10260,8462,2,0,2009-04-22 00:00:00
CHE,EVE,1998,33,8455,8668,0,0,2009-04-22 00:00:00
LIV,ARS,1989,33,8650,9825,4,4,2009-04-21 00:00:00
TOT,NEW,1991,33,8586,10261,1,0,2009-04-19 00:00:00
MCI,WBA,1994,33,8456,8659,4,2,2009-04-19 00:00:00
SUN,HUL,1990,33,8472,8667,1,0,2009-04-18 00:00:00
AVL,WHU,1992,33,10252,8654,1,1,2009-04-18 00:00:00
MID,FUL,1993,33,8549,9879,0,0,2009-04-18 00:00:00
POR,BOL,1995,33,8462,8559,1,0,2009-04-18 00:00:00
STK,BLB,1996,33,10194,8655,1,0,2009-04-18 00:00:00
AVL,EVE,1982,32,10252,8668,3,3,2009-04-12 00:00:00
MCI,FUL,1984,32,8456,9879,1,3,2009-04-12 00:00:00
LIV,BLB,1979,32,8650,8655,4,0,2009-04-11 00:00:00
SUN,MUN,1980,32,8472,10260,1,2,2009-04-11 00:00:00
TOT,WHU,1981,32,8586,8654,1,0,2009-04-11 00:00:00
MID,HUL,1983,32,8549,8667,3,1,2009-04-11 00:00:00
POR,WBA,1985,32,8462,8659,2,2,2009-04-11 00:00:00
STK,NEW,1986,32,10194,10261,1,1,2009-04-11 00:00:00
WIG,ARS,1987,32,8528,9825,1,4,2009-04-11 00:00:00
CHE,BOL,1988,32,8455,8559,4,3,2009-04-11 00:00:00
MUN,AVL,1969,31,10260,10252,3,2,2009-04-05 00:00:00
EVE,WIG,1972,31,8668,8528,4,0,2009-04-05 00:00:00
ARS,MCI,1970,31,9825,8456,2,0,2009-04-04 00:00:00
WHU,SUN,1971,31,8654,8472,2,0,2009-04-04 00:00:00
NEW,CHE,1973,31,10261,8455,0,2,2009-04-04 00:00:00
BLB,TOT,1974,31,8655,8586,2,1,2009-04-04 00:00:00
FUL,LIV,1975,31,9879,8650,0,1,2009-04-04 00:00:00
BOL,MID,1976,31,8559,8549,4,1,2009-04-04 00:00:00
WBA,STK,1977,31,8659,10194,0,2,2009-04-04 00:00:00
HUL,POR,1978,31,8667,8462,0,0,2009-04-04 00:00:00
LIV,AVL,1959,30,8650,10252,5,0,2009-03-22 00:00:00
MCI,SUN,1962,30,8456,8472,1,0,2009-03-22 00:00:00
WIG,HUL,1968,30,8528,8667,1,0,2009-03-22 00:00:00
TOT,CHE,1960,30,8586,8455,1,0,2009-03-21 00:00:00
NEW,ARS,1961,30,10261,9825,1,3,2009-03-21 00:00:00
BLB,WHU,1963,30,8655,8654,1,1,2009-03-21 00:00:00
FUL,MUN,1964,30,9879,10260,2,0,2009-03-21 00:00:00
WBA,BOL,1965,30,8659,8559,1,1,2009-03-21 00:00:00
POR,EVE,1966,30,8462,8668,2,1,2009-03-21 00:00:00
STK,MID,1967,30,10194,8549,1,0,2009-03-21 00:00:00
WHU,WBA,1942,29,8654,8659,0,0,2009-03-16 00:00:00
AVL,TOT,1943,29,10252,8586,1,2,2009-03-15 00:00:00
CHE,MCI,1948,29,8455,8456,1,0,2009-03-15 00:00:00
MUN,LIV,1939,29,10260,8650,1,4,2009-03-14 00:00:00
ARS,BLB,1940,29,9825,8655,4,0,2009-03-14 00:00:00
SUN,WIG,1941,29,8472,8528,1,2,2009-03-14 00:00:00
EVE,STK,1944,29,8668,10194,3,1,2009-03-14 00:00:00
MID,POR,1945,29,8549,8462,1,1,2009-03-14 00:00:00
BOL,FUL,1946,29,8559,9879,1,3,2009-03-14 00:00:00
HUL,NEW,1947,29,8667,10261,1,1,2009-03-14 00:00:00
FUL,BLB,1865,21,9879,8655,1,2,2009-03-11 00:00:00
SUN,TOT,1921,27,8472,8586,1,1,2009-03-07 00:00:00
TOT,MID,1929,28,8586,8549,4,0,2009-03-04 00:00:00
STK,BOL,1932,28,10194,8559,2,0,2009-03-04 00:00:00
WIG,WHU,1933,28,8528,8654,0,1,2009-03-04 00:00:00
NEW,MUN,1935,28,10261,10260,1,2,2009-03-04 00:00:00
MCI,AVL,1936,28,8456,10252,2,0,2009-03-04 00:00:00
BLB,EVE,1937,28,8655,8668,0,0,2009-03-04 00:00:00
FUL,HUL,1938,28,9879,8667,0,1,2009-03-04 00:00:00
WBA,ARS,1930,28,8659,9825,1,3,2009-03-03 00:00:00
POR,CHE,1931,28,8462,8455,0,1,2009-03-03 00:00:00
LIV,SUN,1934,28,8650,8472,2,0,2009-03-03 00:00:00
WHU,MCI,1922,27,8654,8456,1,0,2009-03-01 00:00:00
AVL,STK,1923,27,10252,10194,2,2,2009-03-01 00:00:00
BOL,NEW,1926,27,8559,10261,1,0,2009-03-01 00:00:00
HUL,BLB,1927,27,8667,8655,1,2,2009-03-01 00:00:00
ARS,FUL,1920,27,9825,9879,0,0,2009-02-28 00:00:00
EVE,WBA,1924,27,8668,8659,2,0,2009-02-28 00:00:00
MID,LIV,1925,27,8549,8650,2,0,2009-02-28 00:00:00
CHE,WIG,1928,27,8455,8528,2,1,2009-02-28 00:00:00
HUL,TOT,1917,26,8667,8586,1,2,2009-02-23 00:00:00
LIV,MCI,1911,26,8650,8456,1,1,2009-02-22 00:00:00
NEW,EVE,1914,26,10261,8668,0,0,2009-02-22 00:00:00
FUL,WBA,1915,26,9879,8659,2,0,2009-02-22 00:00:00
MUN,BLB,1909,26,10260,8655,2,1,2009-02-21 00:00:00
ARS,SUN,1910,26,9825,8472,0,0,2009-02-21 00:00:00
AVL,CHE,1912,26,10252,8455,0,1,2009-02-21 00:00:00
MID,WIG,1913,26,8549,8528,0,0,2009-02-21 00:00:00
BOL,WHU,1916,26,8559,8654,2,1,2009-02-21 00:00:00
STK,POR,1918,26,10194,8462,2,2,2009-02-21 00:00:00
MUN,FUL,1949,3,10260,9879,3,0,2009-02-18 00:00:00
POR,MCI,1866,21,8462,8456,2,0,2009-02-14 00:00:00
TOT,ARS,1900,25,8586,9825,0,0,2009-02-08 00:00:00
WHU,MUN,1901,25,8654,10260,0,1,2009-02-08 00:00:00
SUN,STK,1899,25,8472,10194,2,0,2009-02-07 00:00:00
EVE,BOL,1902,25,8668,8559,3,0,2009-02-07 00:00:00
MCI,MID,1903,25,8456,8549,1,0,2009-02-07 00:00:00
BLB,AVL,1904,25,8655,10252,0,2,2009-02-07 00:00:00
WBA,NEW,1905,25,8659,10261,2,3,2009-02-07 00:00:00
POR,LIV,1906,25,8462,8650,2,3,2009-02-07 00:00:00
WIG,FUL,1907,25,8528,9879,0,0,2009-02-07 00:00:00
CHE,HUL,1908,25,8455,8667,0,0,2009-02-07 00:00:00
LIV,CHE,1891,24,8650,8455,2,0,2009-02-01 00:00:00
NEW,SUN,1894,24,10261,8472,1,1,2009-02-01 00:00:00
MUN,EVE,1889,24,10260,8668,1,0,2009-01-31 00:00:00
ARS,WHU,1890,24,9825,8654,0,0,2009-01-31 00:00:00
AVL,WIG,1892,24,10252,8528,0,0,2009-01-31 00:00:00
MID,BLB,1893,24,8549,8655,0,0,2009-01-31 00:00:00
FUL,POR,1895,24,9879,8462,3,1,2009-01-31 00:00:00
BOL,TOT,1896,24,8559,8586,3,2,2009-01-31 00:00:00
HUL,WBA,1897,24,8667,8659,2,2,2009-01-31 00:00:00
STK,MCI,1898,24,10194,8456,1,0,2009-01-31 00:00:00
WHU,HUL,1881,23,8654,8667,2,0,2009-01-28 00:00:00
WIG,LIV,1884,23,8528,8650,1,1,2009-01-28 00:00:00
EVE,ARS,1885,23,8668,9825,1,1,2009-01-28 00:00:00
MCI,NEW,1886,23,8456,10261,2,1,2009-01-28 00:00:00
BLB,BOL,1887,23,8655,8559,2,2,2009-01-28 00:00:00
CHE,MID,1888,23,8455,8549,2,0,2009-01-28 00:00:00
SUN,FUL,1879,23,8472,9879,1,0,2009-01-27 00:00:00
TOT,STK,1880,23,8586,10194,3,1,2009-01-27 00:00:00
WBA,MUN,1882,23,8659,10260,0,5,2009-01-27 00:00:00
POR,AVL,1883,23,8462,10252,0,1,2009-01-27 00:00:00
LIV,EVE,1869,22,8650,8668,1,1,2009-01-19 00:00:00
TOT,POR,1871,22,8586,8462,1,1,2009-01-18 00:00:00
WHU,FUL,1872,22,8654,9879,3,1,2009-01-18 00:00:00
SUN,AVL,1870,22,8472,10252,1,2,2009-01-17 00:00:00
MCI,WIG,1873,22,8456,8528,1,0,2009-01-17 00:00:00
BLB,NEW,1874,22,8655,10261,3,0,2009-01-17 00:00:00
BOL,MUN,1875,22,8559,10260,0,1,2009-01-17 00:00:00
WBA,MID,1876,22,8659,8549,3,0,2009-01-17 00:00:00
HUL,ARS,1877,22,8667,9825,1,3,2009-01-17 00:00:00
CHE,STK,1878,22,8455,10194,2,1,2009-01-17 00:00:00
MUN,WIG,1819,18,10260,8528,1,0,2009-01-14 00:00:00
MUN,CHE,1859,21,10260,8455,3,0,2009-01-11 00:00:00
WIG,TOT,1868,21,8528,8586,1,0,2009-01-11 00:00:00
ARS,BOL,1860,21,9825,8559,1,0,2009-01-10 00:00:00
AVL,WBA,1861,21,10252,8659,2,1,2009-01-10 00:00:00
EVE,HUL,1862,21,8668,8667,2,0,2009-01-10 00:00:00
MID,SUN,1863,21,8549,8472,1,1,2009-01-10 00:00:00
NEW,WHU,1864,21,10261,8654,2,2,2009-01-10 00:00:00
STK,LIV,1867,21,10194,8650,0,0,2009-01-10 00:00:00
HUL,AVL,1858,20,8667,10252,0,1,2008-12-30 00:00:00
MUN,MID,1849,20,10260,8549,1,0,2008-12-29 00:00:00
ARS,POR,1850,20,9825,8462,1,0,2008-12-28 00:00:00
WHU,STK,1851,20,8654,10194,2,1,2008-12-28 00:00:00
EVE,SUN,1852,20,8668,8472,3,0,2008-12-28 00:00:00
NEW,LIV,1853,20,10261,8650,1,5,2008-12-28 00:00:00
BLB,MCI,1854,20,8655,8456,2,2,2008-12-28 00:00:00
FUL,CHE,1855,20,9879,8455,2,2,2008-12-28 00:00:00
BOL,WIG,1856,20,8559,8528,0,1,2008-12-28 00:00:00
WBA,TOT,1857,20,8659,8586,2,0,2008-12-28 00:00:00
LIV,BOL,1829,19,8650,8559,3,0,2008-12-26 00:00:00
SUN,BLB,1830,19,8472,8655,0,0,2008-12-26 00:00:00
TOT,FUL,1831,19,8586,9879,0,0,2008-12-26 00:00:00
AVL,ARS,1832,19,10252,9825,2,2,2008-12-26 00:00:00
MID,EVE,1833,19,8549,8668,0,1,2008-12-26 00:00:00
MCI,HUL,1834,19,8456,8667,5,1,2008-12-26 00:00:00
POR,WHU,1835,19,8462,8654,1,4,2008-12-26 00:00:00
STK,MUN,1836,19,10194,10260,0,1,2008-12-26 00:00:00
WIG,NEW,1837,19,8528,10261,2,1,2008-12-26 00:00:00
CHE,WBA,1838,19,8455,8659,2,0,2008-12-26 00:00:00
EVE,CHE,1822,18,8668,8455,0,0,2008-12-22 00:00:00
ARS,LIV,1820,18,9825,8650,1,1,2008-12-21 00:00:00
NEW,TOT,1823,18,10261,8586,2,1,2008-12-21 00:00:00
WBA,MCI,1827,18,8659,8456,2,1,2008-12-21 00:00:00
WHU,AVL,1821,18,8654,10252,0,1,2008-12-20 00:00:00
BLB,STK,1824,18,8655,10194,3,0,2008-12-20 00:00:00
FUL,MID,1825,18,9879,8549,3,0,2008-12-20 00:00:00
BOL,POR,1826,18,8559,8462,2,1,2008-12-20 00:00:00
HUL,SUN,1828,18,8667,8472,1,4,2008-12-20 00:00:00
POR,NEW,1815,17,8462,10261,0,3,2008-12-14 00:00:00
CHE,WHU,1818,17,8455,8654,1,1,2008-12-14 00:00:00
LIV,HUL,1809,17,8650,8667,2,2,2008-12-13 00:00:00
SUN,WBA,1810,17,8472,8659,4,0,2008-12-13 00:00:00
TOT,MUN,1811,17,8586,10260,0,0,2008-12-13 00:00:00
AVL,BOL,1812,17,10252,8559,4,2,2008-12-13 00:00:00
MID,ARS,1813,17,8549,9825,1,1,2008-12-13 00:00:00
MCI,EVE,1814,17,8456,8668,0,1,2008-12-13 00:00:00
STK,FUL,1816,17,10194,9879,0,0,2008-12-13 00:00:00
WIG,BLB,1817,17,8528,8655,3,0,2008-12-13 00:00:00
WHU,TOT,1801,16,8654,8586,0,2,2008-12-08 00:00:00
EVE,AVL,1802,16,8668,10252,2,3,2008-12-07 00:00:00
WBA,POR,1807,16,8659,8462,1,1,2008-12-07 00:00:00
MUN,SUN,1799,16,10260,8472,1,0,2008-12-06 00:00:00
ARS,WIG,1800,16,9825,8528,1,0,2008-12-06 00:00:00
NEW,STK,1803,16,10261,10194,2,2,2008-12-06 00:00:00
BLB,LIV,1804,16,8655,8650,1,3,2008-12-06 00:00:00
FUL,MCI,1805,16,9879,8456,1,1,2008-12-06 00:00:00
BOL,CHE,1806,16,8559,8455,0,2,2008-12-06 00:00:00
HUL,MID,1808,16,8667,8549,2,1,2008-12-06 00:00:00
LIV,WHU,1789,15,8650,8654,0,0,2008-12-01 00:00:00
TOT,EVE,1791,15,8586,8668,0,1,2008-11-30 00:00:00
MCI,MUN,1794,15,8456,10260,0,1,2008-11-30 00:00:00
POR,BLB,1795,15,8462,8655,3,2,2008-11-30 00:00:00
CHE,ARS,1798,15,8455,9825,1,2,2008-11-30 00:00:00
SUN,BOL,1790,15,8472,8559,1,4,2008-11-29 00:00:00
AVL,FUL,1792,15,10252,9879,0,0,2008-11-29 00:00:00
MID,NEW,1793,15,8549,10261,0,0,2008-11-29 00:00:00
STK,HUL,1796,15,10194,8667,1,1,2008-11-29 00:00:00
WIG,WBA,1797,15,8528,8659,2,1,2008-11-29 00:00:00
WIG,EVE,1787,14,8528,8668,1,0,2008-11-24 00:00:00
SUN,WHU,1780,14,8472,8654,0,1,2008-11-23 00:00:00
TOT,BLB,1781,14,8586,8655,1,0,2008-11-23 00:00:00
LIV,FUL,1779,14,8650,9879,0,0,2008-11-22 00:00:00
AVL,MUN,1782,14,10252,10260,0,0,2008-11-22 00:00:00
MID,BOL,1783,14,8549,8559,1,3,2008-11-22 00:00:00
MCI,ARS,1784,14,8456,9825,3,0,2008-11-22 00:00:00
POR,HUL,1785,14,8462,8667,2,2,2008-11-22 00:00:00
STK,WBA,1786,14,10194,8659,1,0,2008-11-22 00:00:00
CHE,NEW,1788,14,8455,10261,0,0,2008-11-22 00:00:00
EVE,MID,1772,13,8668,8549,1,1,2008-11-16 00:00:00
HUL,MCI,1778,13,8667,8456,2,2,2008-11-16 00:00:00
MUN,STK,1769,13,10260,10194,5,0,2008-11-15 00:00:00
ARS,AVL,1770,13,9825,10252,0,2,2008-11-15 00:00:00
WHU,POR,1771,13,8654,8462,0,0,2008-11-15 00:00:00
NEW,WIG,1773,13,10261,8528,2,2,2008-11-15 00:00:00
BLB,SUN,1774,13,8655,8472,1,2,2008-11-15 00:00:00
FUL,TOT,1775,13,9879,8586,2,1,2008-11-15 00:00:00
BOL,LIV,1776,13,8559,8650,0,2,2008-11-15 00:00:00
WBA,CHE,1777,13,8659,8455,0,3,2008-11-15 00:00:00
AVL,MID,1763,12,10252,8549,1,2,2008-11-09 00:00:00
MCI,TOT,1764,12,8456,8586,1,2,2008-11-09 00:00:00
BLB,CHE,1765,12,8655,8455,0,2,2008-11-09 00:00:00
FUL,NEW,1766,12,9879,10261,2,1,2008-11-09 00:00:00
ARS,MUN,1759,12,9825,10260,2,1,2008-11-08 00:00:00
LIV,WBA,1760,12,8650,8659,3,0,2008-11-08 00:00:00
SUN,POR,1761,12,8472,8462,1,2,2008-11-08 00:00:00
WHU,EVE,1762,12,8654,8668,1,3,2008-11-08 00:00:00
HUL,BOL,1767,12,8667,8559,0,1,2008-11-08 00:00:00
WIG,STK,1768,12,8528,10194,0,0,2008-11-08 00:00:00
NEW,AVL,1753,11,10261,10252,2,0,2008-11-03 00:00:00
BOL,MCI,1754,11,8559,8456,2,0,2008-11-02 00:00:00
MUN,HUL,1749,11,10260,8667,4,3,2008-11-01 00:00:00
TOT,LIV,1750,11,8586,8650,2,1,2008-11-01 00:00:00
EVE,FUL,1751,11,8668,9879,1,0,2008-11-01 00:00:00
MID,WHU,1752,11,8549,8654,1,1,2008-11-01 00:00:00
WBA,BLB,1755,11,8659,8655,2,2,2008-11-01 00:00:00
POR,WIG,1756,11,8462,8528,1,2,2008-11-01 00:00:00
STK,ARS,1757,11,10194,9825,2,1,2008-11-01 00:00:00
CHE,SUN,1758,11,8455,8472,5,0,2008-11-01 00:00:00
MUN,WHU,1739,10,10260,8654,2,0,2008-10-29 00:00:00
ARS,TOT,1740,10,9825,8586,4,4,2008-10-29 00:00:00
MID,MCI,1741,10,8549,8456,2,0,2008-10-29 00:00:00
BOL,EVE,1742,10,8559,8668,0,1,2008-10-29 00:00:00
HUL,CHE,1743,10,8667,8455,0,3,2008-10-29 00:00:00
STK,SUN,1744,10,10194,8472,1,0,2008-10-29 00:00:00
LIV,POR,1745,10,8650,8462,1,0,2008-10-29 00:00:00
AVL,BLB,1746,10,10252,8655,3,2,2008-10-29 00:00:00
FUL,WIG,1748,10,9879,8528,2,0,2008-10-29 00:00:00
NEW,WBA,1747,10,10261,8659,2,1,2008-10-28 00:00:00
TOT,BOL,2100,9,8586,8559,2,0,2008-10-26 00:00:00
WHU,ARS,2101,9,8654,9825,0,2,2008-10-26 00:00:00
MCI,STK,2103,9,8456,10194,3,0,2008-10-26 00:00:00
POR,FUL,2106,9,8462,9879,1,1,2008-10-26 00:00:00
WIG,AVL,2107,9,8528,10252,0,4,2008-10-26 00:00:00
CHE,LIV,2108,9,8455,8650,0,1,2008-10-26 00:00:00
SUN,NEW,2099,9,8472,10261,2,1,2008-10-25 00:00:00
EVE,MUN,2102,9,8668,10260,1,1,2008-10-25 00:00:00
BLB,MID,2104,9,8655,8549,1,1,2008-10-25 00:00:00
WBA,HUL,2105,9,8659,8667,0,3,2008-10-25 00:00:00
NEW,MCI,2094,8,10261,8456,2,2,2008-10-20 00:00:00
HUL,WHU,2097,8,8667,8654,1,0,2008-10-19 00:00:00
STK,TOT,2098,8,10194,8586,2,1,2008-10-19 00:00:00
MUN,WBA,2089,8,10260,8659,4,0,2008-10-18 00:00:00
ARS,EVE,2090,8,9825,8668,3,1,2008-10-18 00:00:00
LIV,WIG,2091,8,8650,8528,3,2,2008-10-18 00:00:00
AVL,POR,2092,8,10252,8462,0,0,2008-10-18 00:00:00
MID,CHE,2093,8,8549,8455,0,5,2008-10-18 00:00:00
FUL,SUN,2095,8,9879,8472,0,0,2008-10-18 00:00:00
BOL,BLB,2096,8,8559,8655,0,0,2008-10-18 00:00:00
TOT,HUL,2080,7,8586,8667,0,1,2008-10-05 00:00:00
WHU,BOL,2081,7,8654,8559,1,3,2008-10-05 00:00:00
EVE,NEW,2082,7,8668,10261,2,2,2008-10-05 00:00:00
MCI,LIV,2083,7,8456,8650,2,3,2008-10-05 00:00:00
POR,STK,2086,7,8462,10194,2,1,2008-10-05 00:00:00
CHE,AVL,2088,7,8455,10252,2,0,2008-10-05 00:00:00
SUN,ARS,2079,7,8472,9825,1,1,2008-10-04 00:00:00
BLB,MUN,2084,7,8655,10260,0,2,2008-10-04 00:00:00
WBA,FUL,2085,7,8659,9879,1,0,2008-10-04 00:00:00
WIG,MID,2087,7,8528,8549,0,1,2008-10-04 00:00:00
POR,TOT,2076,6,8462,8586,2,0,2008-09-28 00:00:00
WIG,MCI,2078,6,8528,8456,2,1,2008-09-28 00:00:00
MUN,BOL,2069,6,10260,8559,2,0,2008-09-27 00:00:00
ARS,HUL,2070,6,9825,8667,1,2,2008-09-27 00:00:00
AVL,SUN,2071,6,10252,8472,2,1,2008-09-27 00:00:00
EVE,LIV,2072,6,8668,8650,0,2,2008-09-27 00:00:00
MID,WBA,2073,6,8549,8659,0,1,2008-09-27 00:00:00
NEW,BLB,2074,6,10261,8655,1,2,2008-09-27 00:00:00
FUL,WHU,2075,6,9879,8654,1,2,2008-09-27 00:00:00
STK,CHE,2077,6,10194,8455,0,2,2008-09-27 00:00:00
TOT,WIG,2061,5,8586,8528,0,0,2008-09-21 00:00:00
MCI,POR,2063,5,8456,8462,6,0,2008-09-21 00:00:00
WBA,AVL,2066,5,8659,10252,1,2,2008-09-21 00:00:00
HUL,EVE,2067,5,8667,8668,2,2,2008-09-21 00:00:00
CHE,MUN,2068,5,8455,10260,1,1,2008-09-21 00:00:00
LIV,STK,2059,5,8650,10194,0,0,2008-09-20 00:00:00
SUN,MID,2060,5,8472,8549,2,0,2008-09-20 00:00:00
WHU,NEW,2062,5,8654,10261,3,1,2008-09-20 00:00:00
BLB,FUL,2064,5,8655,9879,1,0,2008-09-20 00:00:00
BOL,ARS,2065,5,8559,9825,1,3,2008-09-20 00:00:00
TOT,AVL,2050,4,8586,10252,1,2,2008-09-15 00:00:00
STK,EVE,2057,4,10194,8668,2,3,2008-09-14 00:00:00
LIV,MUN,2049,4,8650,10260,2,1,2008-09-13 00:00:00
NEW,HUL,2051,4,10261,8667,1,2,2008-09-13 00:00:00
MCI,CHE,2052,4,8456,8455,1,3,2008-09-13 00:00:00
BLB,ARS,2053,4,8655,9825,0,4,2008-09-13 00:00:00
FUL,BOL,2054,4,9879,8559,2,1,2008-09-13 00:00:00
WBA,WHU,2055,4,8659,8654,3,2,2008-09-13 00:00:00
POR,MID,2056,4,8462,8549,2,1,2008-09-13 00:00:00
WIG,SUN,2058,4,8528,8472,1,1,2008-09-13 00:00:00
SUN,MCI,1951,3,8472,8456,0,3,2008-08-31 00:00:00
AVL,LIV,1953,3,10252,8650,0,0,2008-08-31 00:00:00
CHE,TOT,1958,3,8455,8586,1,1,2008-08-31 00:00:00
ARS,NEW,1950,3,9825,10261,3,0,2008-08-30 00:00:00
WHU,BLB,1952,3,8654,8655,4,1,2008-08-30 00:00:00
EVE,POR,1954,3,8668,8462,0,3,2008-08-30 00:00:00
MID,STK,1955,3,8549,10194,2,1,2008-08-30 00:00:00
BOL,WBA,1956,3,8559,8659,0,0,2008-08-30 00:00:00
HUL,WIG,1957,3,8667,8528,0,5,2008-08-30 00:00:00
POR,MUN,1846,2,8462,10260,0,1,2008-08-25 00:00:00
MCI,WHU,1842,2,8456,8654,3,0,2008-08-24 00:00:00
WIG,CHE,1848,2,8528,8455,0,1,2008-08-24 00:00:00
LIV,MID,1839,2,8650,8549,2,1,2008-08-23 00:00:00
TOT,SUN,1840,2,8586,8472,1,2,2008-08-23 00:00:00
NEW,BOL,1841,2,10261,8559,1,0,2008-08-23 00:00:00
BLB,HUL,1843,2,8655,8667,1,1,2008-08-23 00:00:00
FUL,ARS,1844,2,9879,9825,1,0,2008-08-23 00:00:00
WBA,EVE,1845,2,8659,8668,1,2,2008-08-23 00:00:00
STK,AVL,1847,2,10194,10252,3,2,2008-08-23 00:00:00
MUN,NEW,1729,1,10260,10261,1,1,2008-08-17 00:00:00
AVL,MCI,1733,1,10252,8456,4,2,2008-08-17 00:00:00
CHE,POR,1738,1,8455,8462,4,0,2008-08-17 00:00:00
ARS,WBA,1730,1,9825,8659,1,0,2008-08-16 00:00:00
SUN,LIV,1731,1,8472,8650,0,1,2008-08-16 00:00:00
WHU,WIG,1732,1,8654,8528,2,1,2008-08-16 00:00:00
EVE,BLB,1734,1,8668,8655,2,3,2008-08-16 00:00:00
MID,TOT,1735,1,8549,8586,2,1,2008-08-16 00:00:00
BOL,STK,1736,1,8559,10194,3,1,2008-08-16 00:00:00
HUL,FUL,1737,1,8667,9879,2,1,2008-08-16 00:00:00
